year,run_year,week,stream,site,number_released,number_recaptured,standardized_log_efficiency_flow,log_flow_cfs
1999,1999,5,feather river,eye riffle,3181,22,NA,NA
1999,1999,7,feather river,eye riffle,1091,5,NA,NA
1999,1999,11,feather river,eye riffle,990,23,NA,NA
1999,2000,53,feather river,eye riffle,1000,41,NA,NA
2000,2000,1,feather river,eye riffle,1000,46,NA,NA
2000,2000,2,feather river,eye riffle,1123,41,NA,NA
2000,2000,3,feather river,eye riffle,895,24,NA,NA
2000,2000,4,feather river,eye riffle,1025,38,NA,NA
2000,2000,5,feather river,eye riffle,940,26,NA,NA
2000,2000,6,feather river,eye riffle,978,33,NA,NA
2000,2000,9,feather river,eye riffle,410,3,NA,NA
2001,2001,2,feather river,eye riffle,549,19,NA,NA
2001,2001,4,feather river,eye riffle,470,8,NA,NA
2001,2001,6,feather river,eye riffle,485,19,NA,NA
2001,2001,7,feather river,eye riffle,863,35,NA,NA
2001,2001,8,feather river,eye riffle,340,12,NA,NA
2001,2001,9,feather river,eye riffle,2980,71,NA,NA
2001,2001,10,feather river,eye riffle,500,5,NA,NA
2001,2001,11,feather river,eye riffle,498,6,NA,NA
2002,2002,1,feather river,eye riffle,996,31,NA,NA
2002,2002,2,feather river,eye riffle,2495,56,NA,NA
2002,2002,3,feather river,herringer riffle,4000,136,NA,NA
2002,2002,4,feather river,eye riffle,1998,129,NA,NA
2002,2002,4,feather river,herringer riffle,1998,211,NA,NA
2002,2002,5,feather river,eye riffle,1000,34,NA,NA
2002,2002,6,feather river,eye riffle,996,25,NA,NA
2002,2002,6,feather river,herringer riffle,1995,41,NA,NA
2002,2002,8,feather river,eye riffle,998,44,NA,NA
2002,2002,8,feather river,herringer riffle,998,42,NA,NA
2002,2002,9,feather river,eye riffle,1984,85,NA,NA
2002,2002,9,feather river,herringer riffle,1990,76,NA,NA
2002,2002,10,feather river,eye riffle,1986,29,NA,NA
2002,2002,10,feather river,herringer riffle,1983,69,NA,NA
2002,2002,12,feather river,eye riffle,178,1,NA,NA
2002,2002,12,feather river,herringer riffle,766,16,NA,NA
2002,2003,52,feather river,eye riffle,1000,79,NA,NA
2002,2003,52,feather river,herringer riffle,995,65,NA,NA
2003,2003,1,feather river,eye riffle,692,32,NA,NA
2003,2003,2,feather river,eye riffle,980,9,NA,NA
2003,2003,2,feather river,herringer riffle,1974,2,NA,NA
2003,2003,3,feather river,eye riffle,3173,169,NA,NA
2003,2003,3,feather river,herringer riffle,758,31,NA,NA
2003,2003,4,feather river,eye riffle,1923,96,NA,NA
2003,2003,4,feather river,herringer riffle,2015,82,NA,NA
2003,2003,5,feather river,eye riffle,2474,71,NA,NA
2003,2003,5,feather river,herringer riffle,1245,37,NA,NA
2003,2003,6,feather river,eye riffle,1000,54,NA,NA
2003,2003,6,feather river,herringer riffle,993,54,NA,NA
2003,2003,8,feather river,eye riffle,1084,21,NA,NA
2003,2003,8,feather river,herringer riffle,486,6,NA,NA
2003,2003,9,feather river,eye riffle,994,23,NA,NA
2003,2003,9,feather river,herringer riffle,998,35,NA,NA
2003,2003,10,feather river,eye riffle,572,10,NA,NA
2003,2003,10,feather river,herringer riffle,819,39,NA,NA
2003,2004,51,feather river,eye riffle,693,29,NA,NA
2003,2004,52,feather river,eye riffle,738,46,NA,NA
2003,2004,52,feather river,herringer riffle,686,21,NA,NA
2004,2004,1,feather river,eye riffle,1074,29,NA,NA
2004,2004,1,feather river,herringer riffle,540,28,NA,NA
2004,2004,2,feather river,eye riffle,1937,107,NA,NA
2004,2004,2,feather river,herringer riffle,1995,80,NA,NA
2004,2004,3,feather river,herringer riffle,1309,64,NA,NA
2004,2004,4,feather river,eye riffle,1059,52,NA,NA
2004,2004,4,feather river,herringer riffle,995,86,NA,NA
2004,2004,5,feather river,eye riffle,1982,37,NA,NA
2004,2004,5,feather river,herringer riffle,1988,116,NA,NA
2004,2004,6,feather river,eye riffle,1994,174,NA,NA
2004,2004,6,feather river,herringer riffle,1991,157,NA,NA
2004,2004,7,feather river,eye riffle,2479,98,NA,NA
2004,2004,7,feather river,herringer riffle,1992,152,NA,NA
2004,2004,8,feather river,eye riffle,2131,79,NA,NA
2004,2004,8,feather river,herringer riffle,997,11,NA,NA
2004,2004,9,feather river,eye riffle,2686,28,NA,NA
2004,2004,9,feather river,herringer riffle,992,21,NA,NA
2004,2004,10,feather river,eye riffle,2221,39,NA,NA
2004,2004,10,feather river,herringer riffle,999,18,NA,NA
2004,2004,11,feather river,eye riffle,725,10,NA,NA
2004,2004,11,feather river,herringer riffle,1000,22,NA,NA
2004,2004,12,feather river,eye riffle,850,15,NA,NA
2004,2004,12,feather river,herringer riffle,995,4,NA,NA
2004,2004,13,feather river,eye riffle,492,7,NA,NA
2004,2004,13,feather river,herringer riffle,1089,5,NA,NA
2004,2004,16,feather river,herringer riffle,629,2,NA,NA
2004,2005,51,feather river,herringer riffle,770,35,NA,NA
2004,2005,52,feather river,eye riffle,998,9,NA,NA
2004,2005,52,feather river,herringer riffle,1328,42,NA,NA
2004,2005,53,feather river,eye riffle,653,1,NA,NA
2005,2005,1,feather river,eye riffle,740,5,NA,NA
2005,2005,1,feather river,herringer riffle,717,24,NA,NA
2005,2005,2,feather river,eye riffle,1044,15,NA,NA
2005,2005,2,feather river,herringer riffle,1169,29,NA,NA
2005,2005,3,feather river,eye riffle,997,15,NA,NA
2005,2005,3,feather river,herringer riffle,996,67,NA,NA
2005,2005,4,feather river,eye riffle,993,5,NA,NA
2005,2005,4,feather river,herringer riffle,1995,80,NA,NA
2005,2005,5,feather river,eye riffle,996,4,NA,NA
2005,2005,5,feather river,herringer riffle,1000,60,NA,NA
2005,2005,6,feather river,eye riffle,5019,44,NA,NA
2005,2005,6,feather river,herringer riffle,996,25,NA,NA
2005,2005,7,feather river,eye riffle,4127,20,NA,NA
2005,2005,7,feather river,herringer riffle,1977,57,NA,NA
2005,2005,8,feather river,eye riffle,1981,1,NA,NA
2005,2005,9,feather river,eye riffle,1999,0,NA,NA
2005,2005,9,feather river,herringer riffle,997,30,NA,NA
2005,2005,10,feather river,eye riffle,1954,22,NA,NA
2005,2005,10,feather river,herringer riffle,1999,75,NA,NA
2005,2005,11,feather river,eye riffle,1735,10,NA,NA
2005,2005,11,feather river,herringer riffle,998,84,NA,NA
2005,2005,12,feather river,eye riffle,788,4,NA,NA
2005,2005,12,feather river,herringer riffle,2514,24,NA,NA
2005,2005,13,feather river,herringer riffle,1049,24,NA,NA
2005,2005,14,feather river,eye riffle,633,1,NA,NA
2005,2005,15,feather river,herringer riffle,257,4,NA,NA
2005,2005,16,feather river,herringer riffle,403,2,NA,NA
2005,2005,17,feather river,herringer riffle,314,4,NA,NA
2005,2005,19,feather river,herringer riffle,346,6,NA,NA
2005,2006,50,feather river,eye riffle,466,10,NA,NA
2005,2006,51,feather river,eye riffle,990,19,NA,NA
2006,2006,2,feather river,herringer riffle,708,2,NA,NA
2006,2006,3,feather river,eye riffle,1200,42,NA,NA
2006,2006,4,feather river,eye riffle,999,31,NA,NA
2006,2006,4,feather river,herringer riffle,1546,0,NA,NA
2006,2006,5,feather river,eye riffle,2584,45,NA,NA
2006,2006,5,feather river,herringer riffle,1017,3,NA,NA
2006,2006,6,feather river,eye riffle,2019,71,NA,NA
2006,2006,6,feather river,herringer riffle,3197,6,NA,NA
2006,2006,7,feather river,eye riffle,1010,26,NA,NA
2006,2006,7,feather river,herringer riffle,1175,11,NA,NA
2006,2006,8,feather river,eye riffle,2039,40,NA,NA
2006,2006,8,feather river,herringer riffle,1339,14,NA,NA
2006,2006,10,feather river,eye riffle,686,0,NA,NA
2006,2006,12,feather river,eye riffle,1063,24,NA,NA
2006,2006,13,feather river,eye riffle,594,1,NA,NA
2006,2007,51,feather river,steep riffle,997,93,NA,NA
2006,2007,52,feather river,steep riffle,989,86,NA,NA
2006,2007,53,feather river,steep riffle,996,66,NA,NA
2007,2007,1,feather river,steep riffle,1000,44,NA,NA
2007,2007,2,feather river,steep riffle,998,131,NA,NA
2007,2007,3,feather river,steep riffle,998,130,NA,NA
2007,2007,4,feather river,steep riffle,955,85,NA,NA
2007,2007,5,feather river,steep riffle,998,15,NA,NA
2007,2007,6,feather river,steep riffle,994,100,NA,NA
2007,2007,7,feather river,steep riffle,996,97,NA,NA
2007,2007,9,feather river,steep riffle,2107,254,NA,NA
2007,2007,10,feather river,steep riffle,991,109,NA,NA
2007,2007,11,feather river,steep riffle,1095,99,NA,NA
2007,2007,12,feather river,steep riffle,988,98,NA,NA
2007,2007,13,feather river,steep riffle,993,143,NA,NA
2007,2007,14,feather river,steep riffle,992,39,NA,NA
2007,2008,49,feather river,steep riffle,1021,100,NA,NA
2007,2008,50,feather river,steep riffle,3003,375,NA,NA
2007,2008,51,feather river,steep riffle,2264,247,NA,NA
2007,2008,52,feather river,steep riffle,997,140,NA,NA
2008,2008,1,feather river,steep riffle,991,15,NA,NA
2008,2008,2,feather river,steep riffle,2026,171,NA,NA
2008,2008,3,feather river,steep riffle,1950,218,NA,NA
2008,2008,4,feather river,herringer riffle,990,49,NA,NA
2008,2008,4,feather river,steep riffle,1886,164,NA,NA
2008,2008,5,feather river,herringer riffle,2000,89,NA,NA
2008,2008,5,feather river,steep riffle,1903,160,NA,NA
2008,2008,6,feather river,herringer riffle,1206,27,NA,NA
2008,2008,6,feather river,steep riffle,1930,312,NA,NA
2008,2008,7,feather river,herringer riffle,1995,146,NA,NA
2008,2008,7,feather river,steep riffle,1856,379,NA,NA
2008,2008,8,feather river,herringer riffle,2054,101,NA,NA
2008,2008,8,feather river,steep riffle,1734,360,NA,NA
2008,2008,9,feather river,herringer riffle,2037,76,NA,NA
2008,2008,9,feather river,steep riffle,1906,388,NA,NA
2008,2008,10,feather river,herringer riffle,2087,41,NA,NA
2008,2008,10,feather river,steep riffle,2969,651,NA,NA
2008,2008,11,feather river,herringer riffle,2174,172,NA,NA
2008,2008,11,feather river,steep riffle,1019,213,NA,NA
2008,2008,12,feather river,herringer riffle,1997,106,NA,NA
2008,2008,12,feather river,steep riffle,990,236,NA,NA
2008,2008,13,feather river,herringer riffle,1073,16,NA,NA
2008,2008,13,feather river,steep riffle,2041,322,NA,NA
2008,2008,14,feather river,steep riffle,520,75,NA,NA
2008,2008,15,feather river,herringer riffle,261,6,NA,NA
2008,2008,15,feather river,steep riffle,1892,205,NA,NA
2008,2008,16,feather river,steep riffle,749,77,NA,NA
2008,2009,50,feather river,steep riffle,995,177,NA,NA
2008,2009,51,feather river,steep riffle,1056,222,NA,NA
2008,2009,53,feather river,steep riffle,1008,258,NA,NA
2009,2009,1,feather river,steep riffle,998,199,NA,NA
2009,2009,2,feather river,steep riffle,1000,222,NA,NA
2009,2009,3,feather river,steep riffle,1032,207,NA,NA
2009,2009,4,feather river,steep riffle,1002,286,NA,NA
2009,2009,5,feather river,steep riffle,995,243,NA,NA
2009,2009,6,feather river,steep riffle,1000,253,NA,NA
2009,2009,7,feather river,steep riffle,996,260,NA,NA
2009,2009,9,feather river,steep riffle,1990,391,NA,NA
2009,2009,11,feather river,steep riffle,1542,361,NA,NA
2009,2009,12,feather river,steep riffle,603,130,NA,NA
2009,2010,50,feather river,steep riffle,998,204,NA,NA
2009,2010,52,feather river,steep riffle,999,202,NA,NA
2009,2010,53,feather river,steep riffle,493,104,NA,NA
2010,2010,1,feather river,steep riffle,999,354,NA,NA
2010,2010,2,feather river,steep riffle,996,246,NA,NA
2010,2010,3,feather river,steep riffle,1815,361,NA,NA
2010,2010,4,feather river,steep riffle,1681,443,NA,NA
2010,2010,5,feather river,steep riffle,1996,489,NA,NA
2010,2010,6,feather river,steep riffle,1983,516,NA,NA
2010,2010,7,feather river,steep riffle,1994,634,NA,NA
2010,2010,8,feather river,steep riffle,2044,612,NA,NA
2010,2010,9,feather river,steep riffle,1004,256,NA,NA
2010,2010,10,feather river,steep riffle,1014,277,NA,NA
2010,2010,11,feather river,steep riffle,999,220,NA,NA
2010,2010,12,feather river,steep riffle,598,193,NA,NA
2010,2010,13,feather river,steep riffle,100,21,NA,NA
2010,2010,14,feather river,steep riffle,178,16,NA,NA
2010,2010,15,feather river,steep riffle,157,15,NA,NA
2010,2010,16,feather river,steep riffle,107,11,NA,NA
2010,2011,49,feather river,steep riffle,995,225,NA,NA
2010,2011,52,feather river,steep riffle,999,189,NA,NA
2011,2011,1,feather river,steep riffle,1985,552,NA,NA
2011,2011,2,feather river,steep riffle,1987,471,NA,NA
2011,2011,4,feather river,steep riffle,991,165,NA,NA
2011,2011,5,feather river,steep riffle,1230,46,NA,NA
2011,2011,6,feather river,steep riffle,1490,77,NA,NA
2011,2011,7,feather river,steep riffle,496,76,NA,NA
2011,2011,8,feather river,steep riffle,248,77,NA,NA
2011,2011,9,feather river,steep riffle,960,128,NA,NA
2011,2011,10,feather river,steep riffle,723,148,NA,NA
2011,2011,11,feather river,steep riffle,456,0,NA,NA
2011,2011,14,feather river,steep riffle,419,46,NA,NA
2011,2011,16,feather river,steep riffle,147,0,NA,NA
2011,2012,49,feather river,herringer riffle,195,0,NA,NA
2011,2012,49,feather river,steep riffle,1286,79,NA,NA
2011,2012,50,feather river,herringer riffle,1017,6,NA,NA
2011,2012,50,feather river,steep riffle,531,66,NA,NA
2011,2012,51,feather river,herringer riffle,992,5,NA,NA
2011,2012,51,feather river,steep riffle,505,82,NA,NA
2011,2012,52,feather river,herringer riffle,995,19,NA,NA
2011,2012,52,feather river,steep riffle,626,88,NA,NA
2012,2012,1,feather river,herringer riffle,2191,99,NA,NA
2012,2012,1,feather river,steep riffle,908,74,NA,NA
2012,2012,2,feather river,herringer riffle,1506,56,NA,NA
2012,2012,2,feather river,steep riffle,596,17,NA,NA
2012,2012,3,feather river,herringer riffle,2492,72,NA,NA
2012,2012,3,feather river,steep riffle,887,96,NA,NA
2012,2012,4,feather river,herringer riffle,2498,61,NA,NA
2012,2012,4,feather river,steep riffle,889,96,NA,NA
2012,2012,5,feather river,herringer riffle,2488,50,NA,NA
2012,2012,5,feather river,steep riffle,895,116,NA,NA
2012,2012,6,feather river,herringer riffle,2487,64,NA,NA
2012,2012,6,feather river,steep riffle,896,113,NA,NA
2012,2012,7,feather river,herringer riffle,1086,23,NA,NA
2012,2012,7,feather river,steep riffle,818,115,NA,NA
2012,2012,8,feather river,herringer riffle,1155,33,NA,NA
2012,2012,8,feather river,steep riffle,586,100,NA,NA
2012,2012,9,feather river,herringer riffle,1014,54,NA,NA
2012,2012,9,feather river,steep riffle,893,126,NA,NA
2012,2012,10,feather river,herringer riffle,950,35,NA,NA
2012,2012,10,feather river,steep riffle,785,101,NA,NA
2012,2012,11,feather river,herringer riffle,488,5,NA,NA
2012,2012,11,feather river,steep riffle,246,13,NA,NA
2012,2012,12,feather river,herringer riffle,453,10,NA,NA
2012,2012,13,feather river,herringer riffle,556,7,NA,NA
2012,2012,14,feather river,herringer riffle,123,0,NA,NA
2012,2013,50,feather river,herringer riffle,360,19,NA,NA
2012,2013,51,feather river,herringer riffle,566,56,NA,NA
2012,2013,52,feather river,gateway riffle,504,20,NA,NA
2012,2013,52,feather river,herringer riffle,1004,12,NA,NA
2013,2013,1,feather river,gateway riffle,517,1,NA,NA
2013,2013,1,feather river,herringer riffle,990,27,NA,NA
2013,2013,2,feather river,gateway riffle,1603,7,NA,NA
2013,2013,2,feather river,herringer riffle,1938,85,NA,NA
2013,2013,3,feather river,gateway riffle,1013,5,NA,NA
2013,2013,3,feather river,herringer riffle,1406,105,NA,NA
2013,2013,4,feather river,gateway riffle,1528,19,NA,NA
2013,2013,4,feather river,herringer riffle,1770,41,NA,NA
2013,2013,5,feather river,gateway riffle,974,14,NA,NA
2013,2013,5,feather river,herringer riffle,993,50,NA,NA
2013,2013,6,feather river,gateway riffle,970,16,NA,NA
2013,2013,6,feather river,herringer riffle,1383,64,NA,NA
2013,2013,7,feather river,gateway riffle,1788,20,NA,NA
2013,2013,7,feather river,herringer riffle,2398,95,NA,NA
2013,2013,8,feather river,gateway riffle,1518,62,NA,NA
2013,2013,8,feather river,herringer riffle,1456,62,NA,NA
2013,2013,9,feather river,gateway riffle,963,25,NA,NA
2013,2013,9,feather river,herringer riffle,1440,48,NA,NA
2013,2013,10,feather river,gateway riffle,1163,31,NA,NA
2013,2013,10,feather river,herringer riffle,1429,51,NA,NA
2013,2013,11,feather river,gateway riffle,147,3,NA,NA
2013,2013,11,feather river,herringer riffle,435,4,NA,NA
2013,2013,12,feather river,gateway riffle,446,6,NA,NA
2013,2013,12,feather river,herringer riffle,635,24,NA,NA
2013,2013,13,feather river,gateway riffle,236,1,NA,NA
2013,2013,13,feather river,herringer riffle,383,9,NA,NA
2013,2013,15,feather river,gateway riffle,43,0,NA,NA
2013,2013,15,feather river,herringer riffle,56,0,NA,NA
2013,2013,16,feather river,gateway riffle,42,0,NA,NA
2013,2013,17,feather river,herringer riffle,154,1,NA,NA
2014,2014,2,feather river,gateway riffle,1000,23,NA,NA
2014,2014,2,feather river,herringer riffle,1084,15,NA,NA
2014,2014,3,feather river,gateway riffle,871,19,NA,NA
2014,2014,3,feather river,herringer riffle,880,11,NA,NA
2014,2014,4,feather river,gateway riffle,999,18,NA,NA
2014,2014,4,feather river,herringer riffle,996,18,NA,NA
2014,2014,5,feather river,gateway riffle,988,23,NA,NA
2014,2014,5,feather river,herringer riffle,1043,8,NA,NA
2014,2014,6,feather river,gateway riffle,1138,31,NA,NA
2014,2014,6,feather river,herringer riffle,1058,20,NA,NA
2014,2014,7,feather river,gateway riffle,1048,40,NA,NA
2014,2014,7,feather river,herringer riffle,992,4,NA,NA
2014,2014,8,feather river,gateway riffle,864,31,NA,NA
2014,2014,8,feather river,herringer riffle,938,18,NA,NA
2014,2014,9,feather river,gateway riffle,899,52,NA,NA
2014,2014,9,feather river,herringer riffle,476,17,NA,NA
2014,2014,10,feather river,gateway riffle,926,31,NA,NA
2014,2014,10,feather river,herringer riffle,937,26,NA,NA
2014,2014,11,feather river,gateway riffle,925,36,NA,NA
2014,2014,11,feather river,herringer riffle,926,17,NA,NA
2014,2014,12,feather river,gateway riffle,732,19,NA,NA
2014,2014,12,feather river,herringer riffle,724,2,NA,NA
2015,2015,1,feather river,gateway riffle,998,10,NA,NA
2015,2015,1,feather river,herringer riffle,724,7,NA,NA
2015,2015,2,feather river,gateway riffle,1479,13,NA,NA
2015,2015,2,feather river,herringer riffle,1482,6,NA,NA
2015,2015,3,feather river,gateway riffle,879,11,NA,NA
2015,2015,3,feather river,herringer riffle,981,8,NA,NA
2015,2015,4,feather river,gateway riffle,2018,17,NA,NA
2015,2015,4,feather river,herringer riffle,2032,67,NA,NA
2015,2015,5,feather river,gateway riffle,1276,17,NA,NA
2015,2015,5,feather river,herringer riffle,1790,45,NA,NA
2015,2015,6,feather river,gateway riffle,1983,46,NA,NA
2015,2015,6,feather river,herringer riffle,995,11,NA,NA
2015,2015,7,feather river,gateway riffle,1234,16,NA,NA
2015,2015,7,feather river,herringer riffle,981,35,NA,NA
2015,2015,8,feather river,gateway riffle,1655,26,NA,NA
2015,2015,8,feather river,herringer riffle,1501,26,NA,NA
2015,2015,9,feather river,gateway riffle,883,13,NA,NA
2015,2015,9,feather river,herringer riffle,1496,25,NA,NA
2015,2015,9,feather river,steep riffle,595,88,NA,NA
2015,2015,10,feather river,herringer riffle,1513,13,NA,NA
2015,2015,10,feather river,steep riffle,1519,138,NA,NA
2015,2015,12,feather river,herringer riffle,244,4,NA,NA
2015,2015,12,feather river,steep riffle,242,20,NA,NA
2015,2015,13,feather river,herringer riffle,254,0,NA,NA
2015,2015,13,feather river,steep riffle,579,40,NA,NA
2015,2016,52,feather river,gateway riffle,271,6,NA,NA
2015,2016,52,feather river,herringer riffle,279,2,NA,NA
2015,2016,53,feather river,gateway riffle,1008,31,NA,NA
2015,2016,53,feather river,herringer riffle,992,19,NA,NA
2016,2016,1,feather river,gateway riffle,2945,110,NA,NA
2016,2016,1,feather river,herringer riffle,2461,6,NA,NA
2016,2016,2,feather river,gateway riffle,482,16,NA,NA
2016,2016,2,feather river,herringer riffle,2401,10,NA,NA
2016,2016,3,feather river,gateway riffle,998,35,NA,NA
2016,2016,3,feather river,herringer riffle,684,4,NA,NA
2016,2016,4,feather river,gateway riffle,2013,93,NA,NA
2016,2016,4,feather river,herringer riffle,1117,4,NA,NA
2016,2016,5,feather river,gateway riffle,1632,92,NA,NA
2016,2016,5,feather river,herringer riffle,1989,24,NA,NA
2016,2016,6,feather river,gateway riffle,1942,70,NA,NA
2016,2016,6,feather river,herringer riffle,1680,14,NA,NA
2016,2016,7,feather river,gateway riffle,1514,119,NA,NA
2016,2016,7,feather river,herringer riffle,1669,13,NA,NA
2016,2016,8,feather river,gateway riffle,1380,66,NA,NA
2016,2016,8,feather river,herringer riffle,1501,16,NA,NA
2016,2016,9,feather river,gateway riffle,1242,56,NA,NA
2016,2016,9,feather river,herringer riffle,1365,10,NA,NA
2017,2017,2,feather river,gateway riffle,1760,8,NA,NA
2017,2017,4,feather river,gateway riffle,287,0,NA,NA
2017,2017,4,feather river,herringer riffle,303,1,NA,NA
2017,2017,5,feather river,gateway riffle,1937,0,NA,NA
2017,2017,18,feather river,herringer riffle,4560,0,NA,NA
2018,2018,1,feather river,eye riffle,158,8,NA,NA
2018,2018,2,feather river,eye riffle,1352,95,NA,NA
2018,2018,2,feather river,herringer riffle,1542,45,NA,NA
2018,2018,3,feather river,eye riffle,1525,129,NA,NA
2018,2018,3,feather river,herringer riffle,830,39,NA,NA
2018,2018,4,feather river,eye riffle,2628,193,NA,NA
2018,2018,4,feather river,herringer riffle,859,22,NA,NA
2018,2018,5,feather river,eye riffle,2415,163,NA,NA
2018,2018,5,feather river,herringer riffle,1820,38,NA,NA
2018,2018,6,feather river,eye riffle,1410,80,NA,NA
2018,2018,7,feather river,eye riffle,2043,148,NA,NA
2018,2018,7,feather river,herringer riffle,1317,30,NA,NA
2018,2018,8,feather river,eye riffle,1006,83,NA,NA
2018,2018,8,feather river,herringer riffle,1011,21,NA,NA
2018,2018,9,feather river,eye riffle,1277,72,NA,NA
2018,2018,9,feather river,herringer riffle,2222,38,NA,NA
2018,2018,10,feather river,eye riffle,1231,77,NA,NA
2018,2018,10,feather river,herringer riffle,2158,34,NA,NA
2018,2018,11,feather river,eye riffle,659,48,NA,NA
2018,2018,11,feather river,herringer riffle,621,4,NA,NA
2018,2018,12,feather river,eye riffle,948,44,NA,NA
2018,2018,12,feather river,herringer riffle,1249,17,NA,NA
2018,2018,13,feather river,eye riffle,367,19,NA,NA
2018,2018,13,feather river,herringer riffle,507,0,NA,NA
2018,2018,17,feather river,herringer riffle,28,0,NA,NA
2018,2018,19,feather river,herringer riffle,73,3,NA,NA
2019,2019,1,feather river,eye riffle,500,21,NA,NA
2019,2019,2,feather river,eye riffle,1350,34,NA,NA
2019,2019,2,feather river,herringer riffle,1662,42,NA,NA
2019,2019,3,feather river,eye riffle,1512,15,NA,NA
2019,2019,3,feather river,herringer riffle,2175,16,NA,NA
2019,2019,4,feather river,eye riffle,3065,143,NA,NA
2019,2019,4,feather river,herringer riffle,3018,122,NA,NA
2019,2019,5,feather river,eye riffle,2986,142,NA,NA
2019,2019,5,feather river,herringer riffle,3015,107,NA,NA
2019,2019,6,feather river,eye riffle,3578,169,NA,NA
2019,2019,6,feather river,herringer riffle,3838,126,NA,NA
2019,2019,7,feather river,eye riffle,1869,52,NA,NA
2019,2019,7,feather river,herringer riffle,2607,46,NA,NA
2019,2019,8,feather river,eye riffle,2151,119,NA,NA
2019,2019,8,feather river,herringer riffle,2705,46,NA,NA
2019,2019,9,feather river,eye riffle,2279,16,NA,NA
2019,2019,9,feather river,herringer riffle,1766,2,NA,NA
2019,2019,12,feather river,eye riffle,157,2,NA,NA
2020,2020,2,feather river,herringer riffle,40,0,NA,NA
2020,2020,3,feather river,herringer riffle,658,15,NA,NA
2020,2020,4,feather river,eye riffle,1061,28,NA,NA
2020,2020,4,feather river,herringer riffle,148,6,NA,NA
2020,2020,5,feather river,eye riffle,1568,32,NA,NA
2020,2020,5,feather river,herringer riffle,642,7,NA,NA
2020,2020,6,feather river,eye riffle,1772,44,NA,NA
2020,2020,6,feather river,herringer riffle,1890,75,NA,NA
2020,2020,7,feather river,eye riffle,3353,141,NA,NA
2020,2020,7,feather river,herringer riffle,3290,35,NA,NA
2020,2020,8,feather river,eye riffle,1986,58,NA,NA
2020,2020,8,feather river,herringer riffle,2472,26,NA,NA
2020,2020,9,feather river,eye riffle,1998,54,NA,NA
2020,2020,9,feather river,herringer riffle,2481,26,NA,NA
2020,2020,10,feather river,eye riffle,2951,56,NA,NA
2020,2020,10,feather river,herringer riffle,1219,56,NA,NA
2020,2020,11,feather river,eye riffle,1933,88,NA,NA
2020,2020,11,feather river,herringer riffle,590,6,NA,NA
2020,2020,12,feather river,eye riffle,484,17,NA,NA
2020,2020,12,feather river,herringer riffle,1486,25,NA,NA
2020,2020,13,feather river,eye riffle,1655,53,NA,NA
2020,2020,13,feather river,herringer riffle,915,9,NA,NA
2020,2020,14,feather river,eye riffle,478,14,NA,NA
2020,2020,14,feather river,herringer riffle,1037,5,NA,NA
2020,2020,15,feather river,eye riffle,474,6,NA,NA
2020,2020,15,feather river,herringer riffle,416,13,NA,NA
2020,2020,16,feather river,eye riffle,366,7,NA,NA
2020,2020,16,feather river,herringer riffle,555,2,NA,NA
2020,2020,17,feather river,eye riffle,420,17,NA,NA
2020,2020,17,feather river,herringer riffle,786,9,NA,NA
2020,2020,18,feather river,eye riffle,487,6,NA,NA
2020,2020,18,feather river,herringer riffle,868,12,NA,NA
2020,2020,19,feather river,eye riffle,1771,25,NA,NA
2020,2020,19,feather river,herringer riffle,901,5,NA,NA
2020,2020,20,feather river,eye riffle,187,5,NA,NA
2022,2022,1,feather river,eye riffle,1188,55,NA,NA
2022,2022,2,feather river,eye riffle,1325,11,NA,NA
2022,2022,2,feather river,herringer riffle,548,10,NA,NA
2022,2022,3,feather river,eye riffle,1172,46,NA,NA
2022,2022,3,feather river,herringer riffle,1018,23,NA,NA
2022,2022,4,feather river,eye riffle,1661,21,NA,NA
2022,2022,4,feather river,herringer riffle,1540,14,NA,NA
2022,2022,5,feather river,eye riffle,2108,69,NA,NA
2022,2022,6,feather river,eye riffle,2013,17,NA,NA
2022,2022,6,feather river,herringer riffle,999,1,NA,NA
2022,2022,7,feather river,eye riffle,1987,48,NA,NA
2022,2022,7,feather river,herringer riffle,1444,4,NA,NA
2022,2022,8,feather river,eye riffle,599,22,NA,NA
2022,2022,9,feather river,eye riffle,1017,19,NA,NA
2022,2022,9,feather river,herringer riffle,1331,6,NA,NA
2022,2022,10,feather river,eye riffle,965,16,NA,NA
2022,2022,10,feather river,herringer riffle,648,0,NA,NA
2022,2022,11,feather river,herringer riffle,164,0,NA,NA
2022,2022,13,feather river,eye riffle,132,1,NA,NA
2022,2022,14,feather river,herringer riffle,53,0,NA,NA
2022,2022,16,feather river,eye riffle,258,7,NA,NA
2023,2023,2,feather river,eye riffle,884,16,NA,NA
2023,2023,2,feather river,herringer riffle,496,13,NA,NA
2023,2023,3,feather river,eye riffle,723,18,NA,NA
2023,2023,3,feather river,herringer riffle,727,20,NA,NA
2023,2023,4,feather river,eye riffle,1284,22,NA,NA
2023,2023,4,feather river,herringer riffle,1417,16,NA,NA
2023,2023,5,feather river,eye riffle,1893,45,NA,NA
2023,2023,5,feather river,herringer riffle,1486,41,NA,NA
2023,2023,6,feather river,eye riffle,689,20,NA,NA
2023,2023,6,feather river,herringer riffle,728,2,NA,NA
2023,2023,8,feather river,eye riffle,751,17,NA,NA
2023,2023,8,feather river,herringer riffle,943,8,NA,NA
2023,2023,9,feather river,eye riffle,1003,21,NA,NA
2023,2023,10,feather river,eye riffle,475,2,NA,NA
2023,2023,13,feather river,eye riffle,2305,13,NA,NA
2023,2023,14,feather river,herringer riffle,4014,15,NA,NA
2024,2024,1,feather river,herringer riffle,191,6,NA,NA
2024,2024,2,feather river,eye riffle,567,16,NA,NA
2024,2024,2,feather river,herringer riffle,571,9,NA,NA
2024,2024,3,feather river,eye riffle,805,18,NA,NA
2024,2024,3,feather river,herringer riffle,1600,16,NA,NA
2024,2024,4,feather river,eye riffle,1027,24,NA,NA
2024,2024,4,feather river,herringer riffle,693,8,NA,NA
2024,2024,5,feather river,eye riffle,600,0,NA,NA
2024,2024,6,feather river,eye riffle,1013,72,NA,NA
2024,2024,6,feather river,herringer riffle,959,3,NA,NA
2024,2024,7,feather river,eye riffle,4998,120,NA,NA
2024,2024,7,feather river,herringer riffle,1439,6,NA,NA
2024,2024,8,feather river,eye riffle,970,24,NA,NA
2024,2024,8,feather river,herringer riffle,1936,7,NA,NA
2024,2024,9,feather river,eye riffle,1169,6,NA,NA
2024,2024,10,feather river,eye riffle,996,5,NA,NA
2024,2024,10,feather river,herringer riffle,1208,9,NA,NA
2024,2024,11,feather river,eye riffle,1380,14,NA,NA
2024,2024,11,feather river,herringer riffle,989,4,NA,NA
2024,2024,12,feather river,eye riffle,349,3,NA,NA
2024,2024,12,feather river,herringer riffle,690,0,NA,NA
2024,2024,13,feather river,eye riffle,263,1,NA,NA
2025,2025,2,feather river,eye riffle,2248,86,NA,NA
2025,2025,2,feather river,herringer riffle,599,15,NA,NA
2025,2025,3,feather river,eye riffle,1030,21,NA,NA
2025,2025,3,feather river,herringer riffle,2904,36,NA,NA
2025,2025,4,feather river,eye riffle,2295,87,NA,NA
2025,2025,4,feather river,herringer riffle,2497,47,NA,NA
2025,2025,5,feather river,eye riffle,1045,30,NA,NA
2025,2025,5,feather river,herringer riffle,844,4,NA,NA
2025,2025,7,feather river,eye riffle,1087,0,NA,NA
2025,2025,7,feather river,herringer riffle,988,1,NA,NA
2025,2025,8,feather river,eye riffle,1967,10,NA,NA
2025,2025,9,feather river,eye riffle,1643,14,NA,NA
2025,2025,9,feather river,herringer riffle,1896,17,NA,NA
2025,2025,10,feather river,eye riffle,1286,18,NA,NA
2025,2025,10,feather river,herringer riffle,701,3,NA,NA
2025,2025,11,feather river,herringer riffle,1195,1,NA,NA
2025,2025,12,feather river,herringer riffle,1795,6,NA,NA
2025,2025,13,feather river,eye riffle,952,0,NA,NA
2025,2025,13,feather river,herringer riffle,1998,8,NA,NA
2025,2025,15,feather river,herringer riffle,2003,4,NA,NA
2025,2026,50,feather river,eye riffle,803,13,NA,NA
2025,2026,51,feather river,eye riffle,568,1,NA,NA
2025,2026,52,feather river,eye riffle,1018,9,NA,NA
2025,2026,52,feather river,herringer riffle,1416,16,NA,NA
2026,2026,1,feather river,eye riffle,1306,35,NA,NA
2026,2026,2,feather river,eye riffle,2265,50,NA,NA
2026,2026,2,feather river,herringer riffle,1968,15,NA,NA
2026,2026,3,feather river,eye riffle,3450,139,NA,NA
2026,2026,3,feather river,herringer riffle,4232,34,NA,NA
2026,2026,4,feather river,eye riffle,2527,162,NA,NA
2026,2026,4,feather river,herringer riffle,3444,33,NA,NA
2026,2026,5,feather river,eye riffle,924,5,NA,NA
2026,2026,5,feather river,herringer riffle,1625,18,NA,NA
2026,2026,8,feather river,eye riffle,964,12,NA,NA
2026,2026,8,feather river,herringer riffle,1030,2,NA,NA
2026,2026,13,feather river,eye riffle,1279,39,NA,NA
2026,2026,13,feather river,herringer riffle,1500,0,NA,NA
2026,2026,14,feather river,eye riffle,1023,23,NA,NA
2026,2026,15,feather river,eye riffle,1005,62,NA,NA
2026,2026,15,feather river,herringer riffle,2831,0,NA,NA
2026,2026,16,feather river,eye riffle,1000,30,NA,NA
2026,2026,17,feather river,eye riffle,995,36,NA,NA
2026,2026,17,feather river,herringer riffle,3257,0,NA,NA
2026,2026,18,feather river,eye riffle,1016,23,NA,NA
2026,2026,18,feather river,herringer riffle,1286,0,NA,NA
2026,2026,19,feather river,eye riffle,999,18,NA,NA
2026,2026,21,feather river,eye riffle,998,0,NA,NA
