year,week,stream,site,count,mean_fork_length,hours_fished,flow_cfs,log_flow_cfs,run_year,log_standardized_flow
2010,1,sacramento river,tisdale,NA,NA,NA,5981.10119047619,8.696359975556545,2010,-0.8591841009506659
2010,2,sacramento river,tisdale,NA,NA,NA,5464.955357142857,8.606111231710459,2010,-0.9961550029355086
2010,3,sacramento river,tisdale,NA,NA,NA,14320.357142857143,9.569437380347292,2010,0.465889185839029
2010,4,sacramento river,tisdale,NA,NA,NA,25914.285714285714,10.16254966760786,2010,1.3660582242349757
2010,5,sacramento river,tisdale,NA,NA,NA,19002.678571428572,9.8523352256558,2010,0.8952444476425468
2010,6,sacramento river,tisdale,NA,NA,NA,21866.36904761905,9.992705075544267,2010,1.1082843652228973
2010,7,sacramento river,tisdale,NA,NA,NA,15439.434523809523,9.644680198802487,2010,0.5800855311008113
2010,8,sacramento river,tisdale,NA,NA,NA,12699.70238095238,9.44933383760141,2010,0.2836075287166392
2010,9,sacramento river,tisdale,NA,NA,NA,18960.565476190477,9.850116600057856,2010,0.8918772301460315
2010,10,sacramento river,tisdale,NA,NA,NA,15502.380952380952,9.648748900941586,2010,0.5862606176244585
2010,11,sacramento river,tisdale,NA,NA,NA,11465.625000000002,9.347108707543647,2010,0.12846001449296215
2010,12,sacramento river,tisdale,NA,NA,NA,9171.11607142857,9.123814266833511,2010,-0.21043490690814934
2010,13,sacramento river,tisdale,NA,NA,NA,8186.3244047619055,9.010220285483099,2010,-0.382836975042754
2010,14,sacramento river,tisdale,NA,NA,NA,8903.154761904761,9.09416096054117,2010,-0.2554398558592571
2010,15,sacramento river,tisdale,NA,NA,NA,11749.449404761906,9.371561659305181,2010,0.1655723632773534
2010,16,sacramento river,tisdale,NA,NA,NA,15698.958333333334,9.661349640939932,2010,0.6053848142580807
2010,17,sacramento river,tisdale,NA,NA,NA,14431.101190476193,9.577140961432573,2010,0.47758094358320086
2010,18,sacramento river,tisdale,NA,NA,NA,12436.160714285712,9.428363694405345,2010,0.2517810532898469
2010,19,sacramento river,tisdale,NA,NA,NA,8605.565476190475,9.060164421325617,2010,-0.3070365478714915
2010,20,sacramento river,tisdale,NA,NA,NA,7297.142857142857,8.895238161091163,2010,-0.5573458337694335
2010,21,sacramento river,tisdale,NA,NA,NA,7958.913690476191,8.982047798479703,2010,-0.4255944782673121
2010,22,sacramento river,tisdale,NA,NA,NA,12841.279761904761,9.460420242207512,2010,0.3004334120913315
2010,23,sacramento river,tisdale,NA,NA,NA,14277.529761904761,9.566442235068784,2010,0.4613434411240388
2010,24,sacramento river,tisdale,NA,NA,NA,9513.526785714286,9.160469937024322,2010,-0.15480244051662914
2010,25,sacramento river,tisdale,NA,NA,NA,7046.428571428571,8.860276181835502,2010,-0.6104077782325074
2010,26,sacramento river,tisdale,NA,NA,NA,6769.568452380952,8.820192619765413,2010,-0.6712427706936647
2010,27,sacramento river,tisdale,6,77.33333333333333,72,6511.190476190475,8.781277587330608,2010,-0.7303042807624915
2010,28,sacramento river,tisdale,0,NA,240,6441.354166666666,8.770494071320973,2010,-0.7466704688274101
2010,29,sacramento river,tisdale,0,NA,336,6673.125000000001,8.805843544932568,2010,-0.6930204225339459
2010,30,sacramento river,tisdale,0,NA,288,6598.645833333333,8.794619730195208,2010,-0.7100548538486771
2010,31,sacramento river,tisdale,0,NA,336,6913.943452380952,8.841295441735506,2010,-0.6392149281278036
2010,32,sacramento river,tisdale,0,NA,336,6435.342261904762,8.769560306169007,2010,-0.748087648165939
2010,33,sacramento river,tisdale,0,NA,336,5506.190476190476,8.613628279399585,2010,-0.9847463477192261
2010,34,sacramento river,tisdale,0,NA,264,5094.791666666666,8.535974055059611,2010,-1.1026024939379389
2010,35,sacramento river,tisdale,0,NA,264,4919.925595238096,8.501048686452915,2010,-1.1556088742635284
2010,36,sacramento river,tisdale,0,NA,336,5700.312499999999,8.648276276881234,2010,-0.9321609347286182
2010,37,sacramento river,tisdale,0,NA,336,6938.779761904762,8.844881211226628,2010,-0.6337727905358786
2010,38,sacramento river,tisdale,0,NA,336,7126.529291979951,8.871579619576396,2010,-0.5932525027470091
2010,39,sacramento river,tisdale,0,NA,336,6930.610119047618,8.843703128575244,2010,-0.6355607715813316
2010,40,sacramento river,tisdale,0,NA,336,6455.877976190475,8.772746308933256,2010,-0.7432522382339228
2010,41,sacramento river,tisdale,0,NA,336,5942.5,8.689885199234348,2010,-0.8690108964849489
2010,42,sacramento river,tisdale,0,NA,336,5411.726190476191,8.59632339497241,2010,-1.0110100443394903
2010,43,sacramento river,tisdale,84,52.48051948051948,336,6875.535714285715,8.835724841576926,2010,-0.6476694516568933
2010,44,sacramento river,tisdale,24,53.75,336,6551.145833333334,8.78739524971648,2010,-0.7210194785666769
2010,45,sacramento river,tisdale,1,65,336,5936.3244047619055,8.688845433751833,2011,-0.8705889529755267
2010,46,sacramento river,tisdale,4,59.75,336,5359.895833333334,8.5866998197964,2011,-1.0256157852728487
2010,47,sacramento river,tisdale,1,83,336,6671.840277777777,8.805651004570048,2011,-0.6933126418602087
2010,48,sacramento river,tisdale,3,83,336,6775.8630952380945,8.821122031765043,2011,-0.6698321981529324
2010,49,sacramento river,tisdale,28,55.25,336,10380.773809523811,9.247710702064987,2011,-0.022396760745099848
2010,50,sacramento river,tisdale,43,58.76744186046512,336,13726.934523809525,9.527115205356807,2011,0.40165664103714965
2010,51,sacramento river,tisdale,322,43.701863354037265,336,22200.297619047622,10.007860974033914,2011,1.1312865367551463
2010,52,sacramento river,tisdale,431,40.296052631578945,336,24125.89285714285,10.091040935144848,2011,1.2575291171489447
2010,53,sacramento river,tisdale,134,41.44155844155844,48,26007.291666666668,10.166132226403176,2011,1.3714954889402329
2011,1,sacramento river,tisdale,866,37.72489959839358,336,23161.0119047619,10.050225622647922,2011,1.1955835439559093
2011,2,sacramento river,tisdale,186,38.005524861878456,288,16364.285714285714,9.702856538826328,2011,0.6683800095351288
2011,3,sacramento river,tisdale,444,39.840616966580974,336,14477.232142857143,9.58033249731298,2011,0.4824247511491208
2011,4,sacramento river,tisdale,175,41.59428571428571,336,11409.166666666668,9.342172404839802,2011,0.12096816690593136
2011,5,sacramento river,tisdale,28,39.92857142857143,288,9356.07142857143,9.143780762195174,2011,-0.18013167206393646
2011,6,sacramento river,tisdale,40,40,336,8099.553571428572,8.999564224503215,2011,-0.3990097240674864
2011,7,sacramento river,tisdale,88,46.20454545454545,336,9178.050595238095,9.124570107604445,2011,-0.20928776415868067
2011,8,sacramento river,tisdale,1376,41.89581205311542,336,15522.401315789475,9.6500395057242,2011,0.5882193739865648
2011,9,sacramento river,tisdale,149,43.88590604026846,336,12619.642857142857,9.443009835943796,2011,0.2740095645314061
2011,10,sacramento river,tisdale,369,42.08672086720867,288,15757.886904761905,9.665096274775303,2011,0.6110710963487538
2011,11,sacramento river,tisdale,46,42.630434782608695,336,16347.767857142857,9.701846644506446,2011,0.6668472886349963
2011,12,sacramento river,tisdale,152,43.19736842105263,168,27269.494047619046,10.213523922224871,2011,1.4434220670470632
2011,13,sacramento river,tisdale,256,45.33203125,168,27477.52976190476,10.221123850079755,2011,1.4549565098430586
2011,14,sacramento river,tisdale,189,53.074074074074076,336,26501.785714285717,10.18496739514876,2011,1.4000817045724323
2011,15,sacramento river,tisdale,30,63.3,288,21748.363095238095,9.987293773695601,2011,1.1000716094155916
2011,16,sacramento river,tisdale,653,77.67534456355283,336,15553.42261904762,9.652035997506841,2011,0.591249458047791
2011,17,sacramento river,tisdale,1037,75.929,336,14215.625,9.562096990758368,2011,0.4547486453720089
2011,18,sacramento river,tisdale,1266,75.80726538849648,336,9101.458176691729,9.116189918864906,2011,-0.22200641221449616
2011,19,sacramento river,tisdale,427,76.59718969555036,336,8403.348214285714,9.036385502351523,2011,-0.34312591423054817
2011,20,sacramento river,tisdale,110,81.38181818181818,336,9845.044642857143,9.194723525634519,2011,-0.1028156235459921
2011,21,sacramento river,tisdale,49,82.40816326530613,288,12195.535714285714,9.408825238695888,2011,0.22212745604444603
2011,22,sacramento river,tisdale,19,86.26315789473684,336,14065.773809523811,9.55149973608488,2011,0.438665146928349
2011,23,sacramento river,tisdale,0,NA,336,20130.35714285714,9.909984260297474,2011,0.9827386324579291
2011,24,sacramento river,tisdale,2,64,336,13337.053571428569,9.498301423366863,2011,0.35792584168676667
2011,25,sacramento river,tisdale,1,73,336,10065.49107142857,9.216868126891505,2011,-0.06920666813009183
2011,26,sacramento river,tisdale,0,NA,240,9137.1875,9.120107903746808,2011,-0.216060069912466
2011,27,sacramento river,tisdale,NA,NA,NA,10598.660714285714,9.268482924408719,2011,0.00912932936317878
2011,28,sacramento river,tisdale,NA,NA,NA,8195.044642857141,9.011284938735654,2011,-0.38122114627784254
2011,29,sacramento river,tisdale,NA,NA,NA,7995.758928571428,8.986666546162727,2011,-0.4185845852846122
2011,30,sacramento river,tisdale,NA,NA,NA,7504.8660714285725,8.923306898662307,2011,-0.5147457914990137
2011,31,sacramento river,tisdale,NA,NA,NA,7366.443452380953,8.904690297796892,2011,-0.543000285730829
2011,32,sacramento river,tisdale,NA,NA,NA,7609.494047619048,8.937151963444316,2011,-0.4937330778543285
2011,33,sacramento river,tisdale,NA,NA,NA,7359.702380952381,8.903774773534709,2011,-0.5443897807934315
2011,34,sacramento river,tisdale,NA,NA,NA,7357.767857142857,8.903511885444654,2011,-0.5447887671646678
2011,35,sacramento river,tisdale,NA,NA,NA,8124.955357142857,9.002695512677349,2011,-0.3942573547013603
2011,36,sacramento river,tisdale,NA,NA,NA,8872.648809523811,9.090728656374797,2011,-0.2606490784757663
2011,37,sacramento river,tisdale,NA,NA,NA,9478.586309523811,9.156790460661105,2011,-0.16038679742647483
2011,38,sacramento river,tisdale,NA,NA,NA,9444.002976190475,9.153135213346234,2011,-0.16593438180670073
2011,39,sacramento river,tisdale,NA,NA,NA,8964.717261904761,9.10105184755024,2011,-0.24498152736753293
2011,40,sacramento river,tisdale,NA,NA,NA,9144.374999999998,9.120894215132427,2011,-0.21486668178162513
2011,41,sacramento river,tisdale,NA,NA,NA,9758.988095238094,9.185943995265534,2011,-0.11614035408954441
2011,42,sacramento river,tisdale,NA,NA,NA,8358.30357142857,9.031010763409354,2011,-0.3512831783593157
2011,43,sacramento river,tisdale,NA,NA,NA,7217.276785714284,8.884232984244061,2011,-0.5740484374291691
2011,44,sacramento river,tisdale,NA,NA,NA,6493.764880952382,8.778597746425644,2011,-0.7343714866900865
2011,45,sacramento river,tisdale,NA,NA,NA,6003.1547619047615,8.700040403679939,2012,-0.8535982995503565
2011,46,sacramento river,tisdale,NA,NA,NA,6100.267857142857,8.716087960204367,2012,-0.8292428548302351
2011,47,sacramento river,tisdale,NA,NA,NA,6998.095238095238,8.853393282165584,2012,-0.6208539843056655
2011,48,sacramento river,tisdale,NA,NA,NA,7716.324404761906,8.951093416268051,2012,-0.47257407566918147
2011,49,sacramento river,tisdale,NA,NA,NA,6256.056547619048,8.74130532112596,2012,-0.7909703590157942
2011,50,sacramento river,tisdale,NA,NA,NA,5569.092261904762,8.624987350503032,2012,-0.9675066372430052
2011,51,sacramento river,tisdale,NA,NA,NA,5852.410714285715,8.674608943253086,2012,-0.8921957350935993
2011,52,sacramento river,tisdale,NA,NA,NA,5584.255952380953,8.627706480136178,2012,-0.9633798026457184
2011,53,sacramento river,tisdale,NA,NA,NA,5560,8.623353387244627,2012,-0.969986510222683
2012,1,sacramento river,tisdale,NA,NA,NA,5449.196428571428,8.60322343248749,2012,-1.0005378280859163
2012,2,sacramento river,tisdale,NA,NA,NA,5796.205357142857,8.664958733651918,2012,-0.9068418992071843
2012,3,sacramento river,tisdale,NA,NA,NA,5955.282738095238,8.692033959771495,2012,-0.86574971348805
2012,4,sacramento river,tisdale,NA,NA,NA,14538.61607142857,9.584563565775452,2012,0.4888462617316146
2012,5,sacramento river,tisdale,NA,NA,NA,9087.395833333332,9.114643659144258,2012,-0.2243531771622851
2012,6,sacramento river,tisdale,NA,NA,NA,6987.395833333334,8.85186320977919,2012,-0.623176181667481
2012,7,sacramento river,tisdale,NA,NA,NA,7104.613095238096,8.86849958376881,2012,-0.5979270861786663
2012,8,sacramento river,tisdale,NA,NA,NA,6254.538690476191,8.741062669657918,2012,-0.7913386321798216
2012,9,sacramento river,tisdale,NA,NA,NA,6124.985119047619,8.720131605866731,2012,-0.823105796627789
2012,10,sacramento river,tisdale,NA,NA,NA,5722.276785714285,8.652122044637691,2012,-0.9263241966647113
2012,11,sacramento river,tisdale,NA,NA,NA,8764.017857142857,9.078409738269517,2012,-0.27934555282487394
2012,12,sacramento river,tisdale,NA,NA,NA,13599.380490134647,9.517779518490629,2012,0.38748782941480436
2012,13,sacramento river,tisdale,NA,NA,NA,14390.13392857143,9.574298106896576,2012,0.47326633117517364
2012,14,sacramento river,tisdale,NA,NA,NA,15284.523809523811,9.63459607973586,2012,0.5647808207479015
2012,15,sacramento river,tisdale,NA,NA,NA,10553.348214285714,9.264198454837192,2012,0.0026267716905815424
2012,16,sacramento river,tisdale,NA,NA,NA,12789.140037593985,9.456351655220425,2012,0.2942585003343827
2012,17,sacramento river,tisdale,NA,NA,NA,11043.30357142857,9.309579511611204,2012,0.07150179437192353
2012,18,sacramento river,tisdale,NA,NA,NA,8587.589285714284,9.058073333648524,2012,-0.3102102005236458
2012,19,sacramento river,tisdale,NA,NA,NA,4886.458333333334,8.494223052848714,2012,-1.1659681673854352
2012,20,sacramento river,tisdale,NA,NA,NA,5025.491071428572,8.522278453809863,2012,-1.1233883661446709
2012,21,sacramento river,tisdale,NA,NA,NA,6133.511904761904,8.721522769411969,2012,-0.8209944218043942
2012,22,sacramento river,tisdale,NA,NA,NA,5989.404761904762,8.69774731420262,2012,-0.8570785311929828
2012,23,sacramento river,tisdale,NA,NA,NA,6610.565476190475,8.79642447777826,2012,-0.7073157807738529
2012,24,sacramento river,tisdale,NA,NA,NA,5865.520833333334,8.676846560782163,2012,-0.8887996934625095
2012,25,sacramento river,tisdale,NA,NA,NA,5889.255952380952,8.680884944791899,2012,-0.8826706208926132
2012,26,sacramento river,tisdale,NA,NA,NA,7494.464285714285,8.921919931759907,2012,-0.5168507970597431
2012,27,sacramento river,tisdale,1,84,240,7903.482142857143,8.975058718918067,2012,-0.4362018340132688
2012,28,sacramento river,tisdale,0,NA,336,8142.053571428571,9.00479770868124,2012,-0.3910668428944263
2012,29,sacramento river,tisdale,0,NA,336,8312.781954887218,9.025549603773788,2012,-0.3595716035416356
2012,30,sacramento river,tisdale,0,NA,336,8500.238095238095,9.047849453290583,2012,-0.32572702718220364
2012,31,sacramento river,tisdale,2,87.5,336,8583.690476190475,9.057619225434708,2012,-0.3108994024891733
2012,32,sacramento river,tisdale,0,NA,336,8674.895833333334,9.068188597058048,2012,-0.29485822226919267
2012,33,sacramento river,tisdale,0,NA,336,7078.288690476192,8.864787447086384,2012,-0.6035610117937418
2012,34,sacramento river,tisdale,0,NA,336,6659.122023809525,8.803742926587498,2012,-0.6962085399213837
2012,35,sacramento river,tisdale,1,37,336,6599.642857142857,8.794770813996267,2012,-0.7098255533218834
2012,36,sacramento river,tisdale,0,NA,336,7053.703164160402,8.861308029411637,2012,-0.6088417387820847
2012,37,sacramento river,tisdale,1,37,336,7053.333333333333,8.861255597304126,2012,-0.6089213152144278
2012,38,sacramento river,tisdale,0,NA,336,6635.431547619048,8.800178985739253,2012,-0.701617548089268
2012,39,sacramento river,tisdale,0,NA,336,6361.502976190476,8.758019945426783,2012,-0.7656025026971959
2012,40,sacramento river,tisdale,0,NA,336,5949.464285714284,8.691056458471785,2012,-0.8672332713638357
2012,41,sacramento river,tisdale,0,NA,336,5594.062500000001,8.629461046384511,2012,-0.9607168899958063
2012,42,sacramento river,tisdale,0,NA,336,5073.928571428572,8.531870662690919,2012,-1.1088302299704327
2012,43,sacramento river,tisdale,0,NA,336,5413.110119047618,8.596579090031327,2012,-1.0106219748621736
2012,44,sacramento river,tisdale,0,NA,336,5162.351190476191,8.54914741176448,2012,-1.0826092344958889
2012,45,sacramento river,tisdale,0,NA,336,4851.741071428572,8.487092903311966,2013,-1.1767896256319976
2012,46,sacramento river,tisdale,0,NA,336,4197.046130952381,8.342136254684284,2013,-1.3967909471472844
2012,47,sacramento river,tisdale,80,60.95,336,7707.142857142857,8.949902821630968,2013,-0.4743810462084923
2012,48,sacramento river,tisdale,118,56.313559322033896,336,7562.098214285715,8.930903972238227,2013,-0.5032156806543296
2012,49,sacramento river,tisdale,427,49.477751756440284,288,24877.678571428572,10.121726237493043,2013,1.3041003308987758
2012,50,sacramento river,tisdale,234,52.504273504273506,336,15017.708333333332,9.616985339332158,2013,0.5380529252125374
2012,51,sacramento river,tisdale,NA,NA,NA,11939.270833333332,9.387588315846727,2013,0.1898960880046546
2012,52,sacramento river,tisdale,NA,NA,NA,25765.029761904763,10.156773415890893,2013,1.3572915824619454
2012,53,sacramento river,tisdale,NA,NA,NA,20244.270833333336,9.915627110694059,2013,0.9913028104802176
2013,1,sacramento river,tisdale,NA,NA,NA,12876.041666666668,9.463123628408079,2013,0.3045363528141025
2013,2,sacramento river,tisdale,NA,NA,NA,10568.898809523811,9.265670892691947,2013,0.004861496878849533
2013,3,sacramento river,tisdale,NA,NA,NA,9148.92857142857,9.121392055394557,2013,-0.21411110750056336
2013,4,sacramento river,tisdale,NA,NA,NA,9501.428571428574,9.159197442223153,2013,-0.15673371128295033
2013,5,sacramento river,tisdale,NA,NA,NA,10019.285714285714,9.212267086098459,2013,-0.07618968729063992
2013,6,sacramento river,tisdale,NA,NA,NA,9061.502976190475,9.111790276690318,2013,-0.22868376783610647
2013,7,sacramento river,tisdale,NA,NA,NA,7636.860119047619,8.940741818503227,2013,-0.4882847395788128
2013,8,sacramento river,tisdale,NA,NA,NA,6953.035714285713,8.846933636614764,2013,-0.6306578158039416
2013,9,sacramento river,tisdale,0,NA,300.8113879003559,6412.857142857143,8.766060182720665,2013,-0.7533998003948423
2013,10,sacramento river,tisdale,1,42,300.8113879003559,6541.175595238096,8.78587218292088,2013,-0.7233310435135796
2013,11,sacramento river,tisdale,5,64.4,96,6815.565476190476,8.82696431591809,2013,-0.6609653386711055
2013,12,sacramento river,tisdale,13,65.6923076923077,144,7125.327380952382,8.871410952285109,2013,-0.5935084898116312
2013,13,sacramento river,tisdale,3,72.66666666666667,96,6550.461309523809,8.787290755084229,2013,-0.7211780705140234
2013,14,sacramento river,tisdale,26,74.21428571428571,144,9485.699404761905,9.15754061763288,2013,-0.15924828100313693
2013,15,sacramento river,tisdale,12,80.75,144,9116.904761904763,9.117885635320487,2013,-0.21943281614508642
2013,16,sacramento river,tisdale,2,81,300.8113879003559,5216.5327380952385,8.559588233762046,2013,-1.0667631545891287
2013,17,sacramento river,tisdale,3,63.333333333333336,300.8113879003559,4126.517857142858,8.325189196454094,2013,-1.422511569428051
2013,18,sacramento river,tisdale,888,79.01939058171745,192,5152.589285714285,8.547254641234424,2013,-1.0854819003713738
2013,19,sacramento river,tisdale,43,83.83720930232558,192,6378.214285714285,8.760643444640342,2013,-0.7616208067940311
2013,20,sacramento river,tisdale,14,80.57142857142857,192,7365.773809523809,8.904599389165055,2013,-0.5431382581476207
2013,21,sacramento river,tisdale,21,82.66666666666667,192,7533.988095238096,8.927179808112445,2013,-0.5088678603712887
2013,22,sacramento river,tisdale,3,84.33333333333333,192,7666.220238095238,8.94457897473409,2013,-0.48246107126388865
2013,23,sacramento river,tisdale,1,88,192,6725.0744047619055,8.813598268313951,2013,-0.6812510459096849
2013,24,sacramento river,tisdale,1,76,192,7782.931547619048,8.959688351805594,2013,-0.45952950548561655
2013,25,sacramento river,tisdale,0,NA,192,7143.89880952381,8.874013958055656,2013,-0.5895578968939983
2013,26,sacramento river,tisdale,NA,NA,NA,8535.669642857143,9.052009090599244,2013,-0.31941392796534684
2013,27,sacramento river,tisdale,NA,NA,NA,8163.184523809525,9.007389632097196,2013,-0.38713306971344347
2013,28,sacramento river,tisdale,NA,NA,NA,8063.214285714287,8.995067550756815,2013,-0.4058343449179045
2013,29,sacramento river,tisdale,NA,NA,NA,7799.776785714285,8.961850395052085,2013,-0.4562481632643091
2013,30,sacramento river,tisdale,NA,NA,NA,8074.880952380953,8.99651340524298,2013,-0.40363996542109176
2013,31,sacramento river,tisdale,NA,NA,NA,7159.495630699088,8.876194814833699,2013,-0.586248001295919
2013,32,sacramento river,tisdale,NA,NA,NA,6590.14880952381,8.793331208352955,2013,-0.712010448923348
2013,33,sacramento river,tisdale,NA,NA,NA,7035.119047619048,8.858669891597073,2013,-0.6128456517521916
2013,34,sacramento river,tisdale,NA,NA,NA,6767.782738095238,8.819928799425533,2013,-0.6716431719444226
2013,35,sacramento river,tisdale,NA,NA,NA,6376.577380952382,8.760386771726559,2013,-0.7620103603658346
2013,36,sacramento river,tisdale,NA,NA,NA,6175.3869047619055,8.728326816174937,2013,-0.8106678911231461
2013,37,sacramento river,tisdale,NA,NA,NA,6488.645833333334,8.77780913358678,2013,-0.7355683677462955
2013,38,sacramento river,tisdale,0,NA,300.8113879003559,6703.7202380952385,8.810417910696788,2013,-0.6860778881779839
2013,39,sacramento river,tisdale,0,NA,192,6711.994047619047,8.811651361319928,2013,-0.684205874926549
2013,40,sacramento river,tisdale,2,36.666666666666664,336,5739.389880952382,8.655108191147155,2013,-0.9217921094197328
2013,41,sacramento river,tisdale,1,37,336,5009.7619047619055,8.51914366894999,2013,-1.1281460424456002
2013,42,sacramento river,tisdale,0,NA,336,4083.7351190476193,8.314767318965602,2013,-1.4383288971728974
2013,43,sacramento river,tisdale,2,37.5,336,3543.556547619048,8.17288617624886,2013,-1.6536625102999165
2013,44,sacramento river,tisdale,1,36,336,4861.369047619047,8.489075374266333,2013,-1.1737808210414151
2013,45,sacramento river,tisdale,1,35,336,5116.800595238096,8.540284638969775,2014,-1.0960603024226383
2013,46,sacramento river,tisdale,0,NA,336,4454.568452380952,8.401685467060464,2014,-1.3064128545107518
2013,47,sacramento river,tisdale,0,NA,336,4687.752976190476,8.4527086370764,2014,-1.2289747725898823
2013,48,sacramento river,tisdale,0,NA,336,4556.666666666667,8.424346641049885,2014,-1.2720198944640162
2013,49,sacramento river,tisdale,0,NA,336,4514.285714285714,8.41500225051969,2014,-1.2862019156742204
2013,50,sacramento river,tisdale,1,79,336,4611.130952380952,8.436228431799302,2014,-1.2539868501601716
2013,51,sacramento river,tisdale,1,75,336,4641.235119047619,8.442735799248092,2014,-1.2441105909345835
2013,52,sacramento river,tisdale,1,94,336,4646.011904761905,8.44376447569511,2014,-1.242549364320296
2013,53,sacramento river,tisdale,1,34,48,4708.125,8.45704501857996,2014,-1.2223934279574746
2014,1,sacramento river,tisdale,7,37.285714285714285,336,4497.053571428572,8.411177699403458,2014,-1.2920064531531108
2014,2,sacramento river,tisdale,8,37.375,336,3837.901785714286,8.252681086275205,2014,-1.5325574363196326
2014,3,sacramento river,tisdale,4,38.5,336,3592.4851190476193,8.186599475717077,2014,-1.632849777431817
2014,4,sacramento river,tisdale,4,64.25,336,3442.738095238095,8.144022391678984,2014,-1.6974691987783117
2014,5,sacramento river,tisdale,5,87.4,336,3774.21130952381,8.23594671522588,2014,-1.5579552623623314
2014,6,sacramento river,tisdale,319,37.595238095238095,336,5777.142857142857,8.661664524079095,2014,-0.9118415350723243
2014,7,sacramento river,tisdale,28183,38.80617726051925,336,8396.488095238095,9.035568813509737,2014,-0.34436540635568097
2014,8,sacramento river,tisdale,3076,40.112646855563234,336,5113.7797619047615,8.53969408920316,2014,-1.096956582312563
2014,9,sacramento river,tisdale,4710,47.91882556131261,192,8665.967261904761,9.067158824529594,2014,-0.29642111241093444
2014,10,sacramento river,tisdale,10745,43.20365535248042,240,15099.70238095238,9.62243031273807,2014,0.5463167844853386
2014,11,sacramento river,tisdale,5073,44.484315225707725,336,11575.282738095239,9.35662730527341,2014,0.1429064307101225
2014,12,sacramento river,tisdale,508,48.42125984251968,336,5228.1994047619055,8.561822215707997,2014,-1.0633726306979976
2014,13,sacramento river,tisdale,443,52.634961439588686,336,7520.148809523809,8.925341205248602,2014,-0.5116583157496156
2014,14,sacramento river,tisdale,579,55.18181818181818,336,9618.00595238095,9.1713922407167,2014,-0.13822561379592826
2014,15,sacramento river,tisdale,1450,75.85289115646259,336,6208.8244047619055,8.733726850205105,2014,-0.802472236531848
2014,16,sacramento river,tisdale,138,73.34782608695652,336,4770.5505952380945,8.470217005992088,2014,-1.2024022466968334
2014,17,sacramento river,tisdale,46,75.95652173913044,336,4264.464285714285,8.358071844935559,2014,-1.3726054341156526
2014,18,sacramento river,tisdale,52,81.63461538461539,336,3657.7529761904766,8.204604296924943,2014,-1.6055237837856002
2014,19,sacramento river,tisdale,10,74.4,336,3493.690476190476,8.158713899531934,2014,-1.675171834888485
2014,20,sacramento river,tisdale,9,72.11111111111111,336,3294.8660714285716,8.100120800110103,2014,-1.764098830831862
2014,21,sacramento river,tisdale,3,81.66666666666667,336,3808.571428571428,8.245009444677386,2014,-1.5442007193679785
2014,22,sacramento river,tisdale,2,78.5,336,4540.997023809524,8.420901875693536,2014,-1.2772480294814956
2014,23,sacramento river,tisdale,1,82,336,4895.014880952382,8.49597259499112,2014,-1.1633128798424361
2014,24,sacramento river,tisdale,0,NA,96,4511.696428571428,8.41442851001271,2014,-1.2870726840793767
2014,25,sacramento river,tisdale,NA,NA,NA,5087.648809523809,8.534571079352327,2014,-1.1047317961298597
2014,26,sacramento river,tisdale,NA,NA,NA,5787.723214285715,8.663494265993855,2014,-0.9090645279940704
2014,27,sacramento river,tisdale,NA,NA,NA,4613.318452380952,8.43670271485838,2014,-1.2532670287462697
2014,28,sacramento river,tisdale,NA,NA,NA,4724.375,8.460490556046441,2014,-1.217164121105167
2014,29,sacramento river,tisdale,NA,NA,NA,4837.678571428572,8.484190250647135,2014,-1.1811949939142274
2014,30,sacramento river,tisdale,NA,NA,NA,5178.2589285714275,8.5522241645791,2014,-1.077939633676607
2014,31,sacramento river,tisdale,NA,NA,NA,4869.226190476191,8.490690310325746,2014,-1.1713298257224898
2014,32,sacramento river,tisdale,NA,NA,NA,5270.684523809525,8.56991552376629,2014,-1.051089382671008
2014,33,sacramento river,tisdale,NA,NA,NA,4656.39880952381,8.445997640709551,2014,-1.2391600802895872
2014,34,sacramento river,tisdale,NA,NA,NA,4516.622023809524,8.415519653563479,2014,-1.2854166508763156
2014,35,sacramento river,tisdale,NA,NA,NA,4901.875,8.497373063966931,2014,-1.1611873821275227
2014,36,sacramento river,tisdale,NA,NA,NA,5099.895833333334,8.536975393667227,2014,-1.101082758078665
2014,37,sacramento river,tisdale,NA,NA,NA,4877.886904761904,8.492467393751438,2014,-1.1686327386568298
2014,38,sacramento river,tisdale,NA,NA,NA,4813.214285714285,8.479120390588001,2014,-1.18888954206684
2014,39,sacramento river,tisdale,NA,NA,NA,4791.681547619047,8.47463668258268,2014,-1.1956944847569322
2014,40,sacramento river,tisdale,0,NA,192,4405.193452380952,8.390539453951028,2014,-1.323329205964218
2014,41,sacramento river,tisdale,0,NA,336,3796.3244047619046,8.241788615710044,2014,-1.549088985176399
2014,42,sacramento river,tisdale,0,NA,336,3647.5595238095243,8.201813599334251,2014,-1.6097592373761334
2014,43,sacramento river,tisdale,0,NA,336,4003.0357142857138,8.294808280832791,2014,-1.468620814149197
2014,44,sacramento river,tisdale,124,53.857142857142854,240,4502.440476190475,8.412374856794035,2014,-1.2901895222949402
2014,45,sacramento river,tisdale,2,54.5,336,4971.011904761904,8.511378700934271,2015,-1.1399309673949196
2014,46,sacramento river,tisdale,4,57.5,336,5068.7797619047615,8.530855389492308,2015,-1.1103711144176662
2014,47,sacramento river,tisdale,2,75,336,5322.455357142857,8.579690009159487,2015,-1.0362546046598369
2014,48,sacramento river,tisdale,3,58,336,5484.880952380953,8.609750668258833,2015,-0.990631414622772
2014,49,sacramento river,tisdale,41,52.58536585365854,192,14847.00892857143,9.605553704991905,2015,0.5207030852035089
2014,50,sacramento river,tisdale,111,34.2972972972973,72,19617.946428571428,9.884200060392192,2015,0.9436058427095534
2014,51,sacramento river,tisdale,717,37.40103270223752,288,25218.005952380954,10.13531354027014,2015,1.3247218380534247
2014,52,sacramento river,tisdale,162,36.858024691358025,240,16794.196428571428,9.728788655029247,2015,0.7077372924768963
2014,53,sacramento river,tisdale,31,37.45161290322581,48,11800,9.375854810453756,2015,0.1720880970163233
2015,1,sacramento river,tisdale,190,41.084210526315786,336,8903.199404761905,9.094165974802566,2015,-0.2554322456934326
2015,2,sacramento river,tisdale,82,43.68292682926829,336,7010.193452380952,8.85512057627852,2015,-0.618232462691521
2015,3,sacramento river,tisdale,53,43.132075471698116,336,6166.532738095238,8.726892004015745,2015,-0.8128455116333927
2015,4,sacramento river,tisdale,16,50.5,336,5871.458333333334,8.677858320353716,2015,-0.8872641416619916
2015,5,sacramento river,tisdale,4,58,336,5668.110119047619,8.642611028823614,2015,-0.9407591057762217
2015,6,sacramento river,tisdale,4184,37.91465677179963,336,15467.470238095239,9.646494403245882,2015,0.5828389568927593
2015,7,sacramento river,tisdale,905,39.33965244865719,336,14674.88095238095,9.593892532389521,2015,0.5030048739987802
2015,8,sacramento river,tisdale,38,44.05263157894737,336,8573.720238095239,9.056457017525423,2015,-0.31266329037109447
2015,9,sacramento river,tisdale,5,71.8,336,6581.056547619047,8.79195058097642,2015,-0.7141058329587351
2015,10,sacramento river,tisdale,2,87,336,5428.616071428572,8.599439513303606,2015,-1.006280698308444
2015,11,sacramento river,tisdale,5,70.4,336,5054.6875,8.52807130956342,2015,-1.1145965243547602
2015,12,sacramento river,tisdale,6,63.666666666666664,336,4532.4702380952385,8.41902237627435,2015,-1.2801005537356271
2015,13,sacramento river,tisdale,0,NA,336,4042.2172619047624,8.304548647608776,2015,-1.4538378181083311
2015,14,sacramento river,tisdale,3,77,336,4092.0982142857147,8.316813128319584,2015,-1.4352239636241069
2015,15,sacramento river,tisdale,4,88,336,4461.08630952381,8.40314758251425,2015,-1.3041937956742904
2015,16,sacramento river,tisdale,13,91.07692307692308,336,3933.0357142857147,8.277166853063276,2015,-1.49539528403004
2015,17,sacramento river,tisdale,10,85.2,336,3949.0029761904766,8.281218414943108,2015,-1.4892462113507081
2015,18,sacramento river,tisdale,7,71.42857142857143,336,3737.8125,8.226255826243785,2015,-1.5726631657451906
2015,19,sacramento river,tisdale,4,89.25,336,3686.949404761905,8.212554675536763,2015,-1.5934574603868037
2015,20,sacramento river,tisdale,2,86.5,336,4101.235119047619,8.319043455874366,2015,-1.4318389860179788
2015,21,sacramento river,tisdale,1,72,336,5034.151785714285,8.524000327349215,2015,-1.1207750713580842
2015,22,sacramento river,tisdale,1,65,336,4289.122023809524,8.363837334522417,2015,-1.363855126073216
2015,23,sacramento river,tisdale,1,87,240,4063.184523809524,8.309722310612269,2015,-1.445985727786026
2015,24,sacramento river,tisdale,NA,NA,NA,3505.9077380952376,8.162204749702875,2015,-1.6698737567520936
2015,25,sacramento river,tisdale,NA,NA,NA,3146.4158834586465,8.054019269241982,2015,-1.8340673201069897
2015,26,sacramento river,tisdale,NA,NA,NA,2963.348214285714,7.994075061520949,2015,-1.9250448988566664
2015,27,sacramento river,tisdale,NA,NA,NA,3007.6488095238096,8.008913926100679,2015,-1.9025238910365152
2015,28,sacramento river,tisdale,NA,NA,NA,3197.752976190476,8.070203647193,2015,-1.8095042209264043
2015,29,sacramento river,tisdale,NA,NA,NA,3224.508928571428,8.078535947425177,2015,-1.7968582534616817
2015,30,sacramento river,tisdale,NA,NA,NA,3081.8303571428573,8.03327897125769,2015,-1.8655449584793051
2015,31,sacramento river,tisdale,NA,NA,NA,3128.005952380952,8.048151004598479,2015,-1.8429736102895677
2015,32,sacramento river,tisdale,NA,NA,NA,3542.9464285714284,8.172713984393107,2015,-1.6539238466110011
2015,33,sacramento river,tisdale,NA,NA,NA,3903.035714285714,8.269509917609083,2015,-1.5070162475017221
2015,34,sacramento river,tisdale,NA,NA,NA,4498.749999999999,8.41155485939324,2015,-1.2914340358341385
2015,35,sacramento river,tisdale,NA,NA,NA,5140.46130952381,8.54489810335661,2015,-1.0890584279210107
2015,36,sacramento river,tisdale,0,NA,300.8113879003559,5716.354166666666,8.651086497708773,2015,-0.9278958506385709
2015,37,sacramento river,tisdale,0,NA,336,5926.413690476191,8.687174535092188,2015,-0.8731248829705988
2015,38,sacramento river,tisdale,1,40,336,6133.601190476191,8.721537326335605,2015,-0.8209723286995418
2015,39,sacramento river,tisdale,3,37.333333333333336,336,6016.041666666667,8.70218479158087,2015,-0.8503437529220207
2015,40,sacramento river,tisdale,1,34,336,5918.0505952380945,8.685762382304835,2015,-0.875268113255931
2015,41,sacramento river,tisdale,3,37.333333333333336,336,5807.767857142856,8.666951586205633,2015,-0.9038173384191631
2015,42,sacramento river,tisdale,0,NA,336,5611.8452380952385,8.632634863881167,2015,-0.9558999736961892
2015,43,sacramento river,tisdale,0,NA,336,5033.9880952380945,8.523967810821208,2015,-1.120824421830797
2015,44,sacramento river,tisdale,0,NA,336,4576.651785714285,8.428722958605945,2015,-1.265377938715048
2015,45,sacramento river,tisdale,0,NA,336,4158.214285714286,8.332841002855858,2016,-1.4108983903410328
2015,46,sacramento river,tisdale,0,NA,336,4241.428571428572,8.352655418702492,2016,-1.3808259672229366
2015,47,sacramento river,tisdale,0,NA,336,3966.860119047619,8.28573015875012,2016,-1.482398718605271
2015,48,sacramento river,tisdale,0,NA,336,4048.1519423558893,8.306015745429843,2016,-1.4516111975118804
2015,49,sacramento river,tisdale,0,NA,336,4541.681547619048,8.421052607397941,2016,-1.2770192633332897
2015,50,sacramento river,tisdale,45,53.355555555555554,336,6601.130952380952,8.794996269756039,2016,-0.7094833781573595
2015,51,sacramento river,tisdale,23,56.26086956521739,336,8886.309523809523,9.092267115638423,2016,-0.25831415231474175
2015,52,sacramento river,tisdale,241,37.03319502074689,336,10710.49107142857,9.27897901406464,2016,0.025059289229846952
2015,53,sacramento river,tisdale,8,37.625,48,5289.479166666667,8.573475063798535,2016,-1.0456870536402672
2016,1,sacramento river,tisdale,76,36.19512195121951,336,6596.71130952381,8.79432651739279,2016,-0.7104998641647126
2016,2,sacramento river,tisdale,1175,36.85302197802198,336,13923.601190476193,9.5413406066421,2016,0.4232465930088456
2016,3,sacramento river,tisdale,3320,37.712146422628955,336,22668.303571428572,10.028722909269211,2016,1.1629487845001267
2016,4,sacramento river,tisdale,2075,37.60602798708288,336,24094.64285714286,10.08974480668373,2016,1.2555619774765026
2016,5,sacramento river,tisdale,610,37.912778904665316,336,19940.922619047615,9.900529312207082,2016,0.9683888175688768
2016,6,sacramento river,tisdale,89,39.168539325842694,336,11548.273809523811,9.354291251059736,2016,0.13936099130458343
2016,7,sacramento river,tisdale,44,43.5,336,8611.190476190475,9.060817854552608,2016,-0.30604482948657324
2016,8,sacramento river,tisdale,64,51.84375,336,9236.086309523811,9.13087351533369,2016,-0.19972105546603264
2016,9,sacramento river,tisdale,66,52.5,336,7288.60119047619,8.894066925998152,2016,-0.5591234222464502
2016,10,sacramento river,tisdale,43,46.97674418604651,336,16405.223214285714,9.705355051781495,2016,0.6721720132628896
2016,11,sacramento river,tisdale,142,43.30281690140845,336,26106.845238095237,10.16995282858293,2016,1.3772940331014532
2016,12,sacramento river,tisdale,140,51.357142857142854,336,25233.779761904763,10.135938842618291,2016,1.3256708620840039
2016,13,sacramento river,tisdale,154,70.2987012987013,336,20562.202380952385,9.931209833528325,2016,1.014952775133789
2016,14,sacramento river,tisdale,77,69.31168831168831,336,11908.779761904763,9.385031202180647,2016,0.18601514572895778
2016,15,sacramento river,tisdale,1076,79.631325301204825,336,9649.315476190477,9.174642256707223,2016,-0.13329305071841685
2016,16,sacramento river,tisdale,808,78.26980728051392,336,8015.47619047619,8.989129475690058,2016,-0.4148465866764657
2016,17,sacramento river,tisdale,16,73.1875,336,5483.125000000001,8.609430472882648,2016,-0.9911173765056568
2016,18,sacramento river,tisdale,2,81,192,3419.389880952381,8.1372174167596,2016,-1.7077971381264956
2016,19,sacramento river,tisdale,NA,NA,NA,4086.1904761904766,8.315368391077744,2016,-1.4374166474744596
2016,20,sacramento river,tisdale,0,NA,168,3620.327380952381,8.194319737457839,2016,-1.6211327033859488
2016,21,sacramento river,tisdale,NA,NA,NA,3551.2500000000005,8.175054933168397,2016,-1.6503709787085008
2016,22,sacramento river,tisdale,NA,NA,NA,3455.8035714285716,8.147810291337764,2016,-1.6917202873721202
2016,23,sacramento river,tisdale,NA,NA,NA,3729.464285714286,8.224019879190172,2016,-1.5760566720885703
2016,24,sacramento river,tisdale,NA,NA,NA,3555.5654761904757,8.176269394620324,2016,-1.6485277854028977
2016,25,sacramento river,tisdale,NA,NA,NA,4096.8005952380945,8.317961605441752,2016,-1.4334809150161327
2016,26,sacramento river,tisdale,NA,NA,NA,3967.5446428571436,8.285902704475166,2016,-1.482136845225254
2016,27,sacramento river,tisdale,0,NA,168,3554.3452380952376,8.175926144710091,2016,-1.64904873725006
2016,28,sacramento river,tisdale,0,NA,336,4179.732142857142,8.338002442809364,2016,-1.4030648509936268
2016,29,sacramento river,tisdale,0,NA,144,4139.880952380952,8.328422310942376,2016,-1.4176046578323012
2016,30,sacramento river,tisdale,NA,NA,NA,4363.020833333334,8.38091994811412,2016,-1.3379287708443341
2016,31,sacramento river,tisdale,NA,NA,NA,4893.705357142857,8.495705037274588,2016,-1.1637189533256178
2016,32,sacramento river,tisdale,NA,NA,NA,5291.5625,8.57386884985966,2016,-1.0450894028621769
2016,33,sacramento river,tisdale,NA,NA,NA,5921.964285714285,8.686423477862245,2016,-0.8742647657195813
2016,34,sacramento river,tisdale,NA,NA,NA,6773.526785714285,8.820777173499469,2016,-0.6703555910078312
2016,35,sacramento river,tisdale,NA,NA,NA,7776.983599290781,8.958923829819218,2016,-0.4606898237526471
2016,36,sacramento river,tisdale,0,NA,192,7987.366071428572,8.98561633127493,2016,-0.42017850088198455
2016,37,sacramento river,tisdale,2,37.5,288,7680.372023809524,8.946423265568708,2016,-0.4796619832281517
2016,38,sacramento river,tisdale,0,NA,336,7789.53869047619,8.960536918943959,2016,-0.4582416315343218
2016,39,sacramento river,tisdale,2,38,336,7139.002976190476,8.873328406394162,2016,-0.5905983615634257
2016,40,sacramento river,tisdale,1,41,336,6603.3184678729795,8.795327599816448,2016,-0.7089805171169197
2016,41,sacramento river,tisdale,6,39.833333333333336,336,5811.455483789259,8.667586332033649,2016,-0.9028539819790696
2016,42,sacramento river,tisdale,3,39.333333333333336,336,5608.434612651031,8.632026924401114,2016,-0.9568226460280845
2016,43,sacramento river,tisdale,0,NA,336,4639.553571428572,8.44237342753734,2016,-1.2446605640196398
2016,44,sacramento river,tisdale,7,51.285714285714285,336,8231.07142857143,9.015671470929332,2016,-0.37456368772996207
2016,45,sacramento river,tisdale,20,53.8,336,7038.27380952381,8.859118221575441,2017,-0.6121652194391533
2016,46,sacramento river,tisdale,0,NA,336,5041.041666666667,8.525368019604247,2017,-1.1186993190115595
2016,47,sacramento river,tisdale,24,62.708333333333336,336,8763.244047619048,9.0783214404477,2017,-0.27947956280420594
2016,48,sacramento river,tisdale,9,62.333333333333336,336,10439.449404761905,9.253347121038399,2017,-0.013842343721087865
2016,49,sacramento river,tisdale,4,77,336,7504.494047619048,8.923257326421167,2017,-0.5148210275000156
2016,50,sacramento river,tisdale,2,36,240,14784.19642857143,9.601314080357826,2017,0.5142685888830126
2016,51,sacramento river,tisdale,13,48.38461538461539,240,21688.39285714285,9.98453250504722,2017,1.0958808202558412
2016,52,sacramento river,tisdale,6,38.833333333333336,240,17733.184523809523,9.783192995111916,2017,0.7903069905739912
2016,53,sacramento river,tisdale,8,39.625,96,13979.166666666668,9.545323405045927,2017,0.4292913030684822
2017,1,sacramento river,tisdale,119,39.05882352941177,336,14445.238095238094,9.578120095647021,2017,0.47906697974062323
2017,2,sacramento river,tisdale,288,39.707317073170735,288,23906.10119047619,10.081888985277466,2017,1.2436391639503355
2017,3,sacramento river,tisdale,237,39.49769585253456,336,25069.64285714286,10.129412945224894,2017,1.3157664798827566
2017,4,sacramento river,tisdale,134,40.343283582089555,336,25306.845238095237,10.138830200890668,2017,1.3300590888188184
2017,5,sacramento river,tisdale,144,40.93055555555556,336,23753.422619047622,10.075481909355588,2017,1.2339151176012622
2017,6,sacramento river,tisdale,663,40.00904159132007,336,25396.130952380954,10.14235211669463,2017,1.3354043153984372
2017,7,sacramento river,tisdale,44,43.47727272727273,336,26418.154761904763,10.181806733165786,2017,1.395284754451824
2017,8,sacramento river,tisdale,67,43.64179104477612,336,26229.91071428571,10.174655668901092,2017,1.3844315538337955
2017,9,sacramento river,tisdale,7,38.714285714285715,144,25630.50595238095,10.151538559794602,2017,1.3493466191227037
2017,10,sacramento river,tisdale,10,43.2,168,24047.916666666664,10.087803646695113,2017,1.2526158707141621
2017,11,sacramento river,tisdale,31,68.09677419354838,240,20402.341472303207,9.92340495129989,2017,1.0031072722142433
2017,12,sacramento river,tisdale,139,64.20143884892086,336,19825.297619047615,9.89471405870046,2017,0.9595629826139775
2017,13,sacramento river,tisdale,1027,72.98861788617886,336,22149.25595238095,10.005559183594452,2017,1.1277930996253072
2017,14,sacramento river,tisdale,363,75.2534435261708,288,19331.39880952381,9.869485934277598,2017,0.9212741509879286
2017,15,sacramento river,tisdale,129,77.46511627906976,192,22307.440476190477,10.01267555543904,2017,1.1385936474099416
2017,16,sacramento river,tisdale,72,77.30555555555556,336,23823.660714285714,10.078434513481117,2017,1.238396297427627
2017,17,sacramento river,tisdale,7,87.85714285714286,336,23572.951127819546,10.067855195042782,2017,1.2223400208842665
2017,18,sacramento river,tisdale,9,80.44444444444444,312,17519.19642857143,9.771052497489388,2017,0.7718813057496291
2017,19,sacramento river,tisdale,4,82.25,336,11983.630952380952,9.391296910254532,2017,0.19552463749448706
2017,20,sacramento river,tisdale,0,NA,336,11967.410714285712,9.389942460556629,2017,0.19346898343318217
2017,21,sacramento river,tisdale,2,88.5,240,10751.041666666668,9.28275792808619,2017,0.030794563096233817
2017,22,sacramento river,tisdale,0,NA,336,10282.101431788933,9.238159937553071,2017,-0.03689199662420498
2017,23,sacramento river,tisdale,0,NA,336,9859.8003072196625,9.196221194574111,2017,-0.1005426050330643
2017,24,sacramento river,tisdale,2,94,336,8595.074404761905,9.058944574528974,2017,-0.30888791453765124
2017,25,sacramento river,tisdale,1,110,336,6924.166666666666,8.842772986871026,2017,-0.636972451597818
2017,26,sacramento river,tisdale,0,NA,336,5661.041666666666,8.641363194311051,2017,-0.9426529495177489
2017,27,sacramento river,tisdale,0,NA,336,5499.419642857144,8.61239784617247,2017,-0.9866137814558926
2017,28,sacramento river,tisdale,0,NA,336,5361.413690476191,8.586982967512569,2017,-1.0251860507809802
2017,29,sacramento river,tisdale,0,NA,96,5386.369047619048,8.59162679081976,2017,-1.01813810041694
2017,30,sacramento river,tisdale,NA,NA,NA,5452.083333333333,8.603753077610346,2017,-0.9997339834325959
2017,31,sacramento river,tisdale,NA,NA,NA,5613.705357142857,8.632966271957565,2017,-0.9553969942505496
2017,32,sacramento river,tisdale,NA,NA,NA,5687.663690476191,8.646054843588114,2017,-0.93553241347603
2017,33,sacramento river,tisdale,0,NA,192,6492.068452380952,8.778336472691795,2017,-0.7347680229460525
2017,34,sacramento river,tisdale,0,NA,336,6973.1994047619055,8.849829423508233,2017,-0.6262628677320806
2017,35,sacramento river,tisdale,0,NA,336,7189.389880952381,8.880361590501545,2017,-0.5799240681609968
2017,36,sacramento river,tisdale,0,NA,336,7217.5744047619055,8.884274220422215,2017,-0.5739858531063804
2017,37,sacramento river,tisdale,0,NA,336,8027.574404761904,8.99063769465468,2017,-0.4125575563457254
2017,38,sacramento river,tisdale,0,NA,336,8131.145833333334,9.00345713152029,2017,-0.39310144254745455
2017,39,sacramento river,tisdale,1,45,336,8137.038690476191,9.00418159556752,2017,-0.392001920384866
2017,40,sacramento river,tisdale,1,39,312,7432.8869047619055,8.913669609321218,2017,-0.5293723464789829
2017,41,sacramento river,tisdale,1,42,336,6768.75,8.8200717107493,2017,-0.6714262748211386
2017,42,sacramento river,tisdale,0,NA,336,6243.005952380952,8.739217068510104,2017,-0.7941397088834643
2017,43,sacramento river,tisdale,0,NA,336,6072.574404761904,8.711537913540976,2017,-0.8361484799835416
2017,44,sacramento river,tisdale,1,31,336,5712.053571428572,8.65033388272694,2017,-0.9290380975942156
2017,45,sacramento river,tisdale,3,36.333333333333336,312,5832.1875,8.671147423377448,2018,-0.8974492985161895
2017,46,sacramento river,tisdale,1,33,312,6425.208333333334,8.767984334659259,2018,-0.750479506822285
2017,47,sacramento river,tisdale,15,58.86666666666667,336,7885.267857142857,8.972751469288495,2018,-0.43970355657913257
2017,48,sacramento river,tisdale,5,62.4,336,7143.318452380952,8.873932716602889,2018,-0.5896811973920421
2017,49,sacramento river,tisdale,0,NA,336,5903.779761904762,8.683348062384114,2018,-0.8789323368575923
2017,50,sacramento river,tisdale,3,69,312,5207.544642857143,8.5578637458986,2018,-1.0693804171464982
2017,51,sacramento river,tisdale,0,NA,336,5179.166666666666,8.552399447150856,2018,-1.0776736065727097
2017,52,sacramento river,tisdale,0,NA,240,5241.964285714285,8.564451570757182,2018,-1.0593820473682227
2017,53,sacramento river,tisdale,0,NA,48,5230,8.56216655705897,2018,-1.0628500223665862
2018,1,sacramento river,tisdale,1,73,312,5188.809523809525,8.554259571006488,2018,-1.0748504886937065
2018,2,sacramento river,tisdale,19,68.6842105263158,336,8339.151785714284,9.028716785829749,2018,-0.35476475787855344
2018,3,sacramento river,tisdale,7,78.28571428571429,336,8016.860119047619,8.989302117848775,2018,-0.41458456693865814
2018,4,sacramento river,tisdale,24,43,336,10320.044642857143,9.241843364884447,2018,-0.03130164331319769
2018,5,sacramento river,tisdale,22,55.27272727272727,336,8293.541666666666,9.023232378448268,2018,-0.36308846626362373
2018,6,sacramento river,tisdale,11,61.45454545454545,336,6873.854166666667,8.835480241977674,2018,-0.6480406815079355
2018,7,sacramento river,tisdale,0,NA,336,5566.755952380953,8.624567748957979,2018,-0.9681434682907386
2018,8,sacramento river,tisdale,1,100,336,4410.922619047619,8.391839157227786,2018,-1.3213566407788933
2018,9,sacramento river,tisdale,3,67.33333333333333,312,4716.875,8.458901783039133,2018,-1.2195754086487505
2018,10,sacramento river,tisdale,1,105,336,5352.544642857143,8.585327360990876,2018,-1.0276987718333088
2018,11,sacramento river,tisdale,12,41.166666666666664,288,8790.765542328043,9.08145707930192,2018,-0.27472059039242747
2018,12,sacramento river,tisdale,54,40.05555555555556,336,12941.099064625849,9.468163499890574,2018,0.31218538717653455
2018,13,sacramento river,tisdale,3,38.333333333333336,336,10763.199404761905,9.283888131968261,2018,0.032509878330074404
2018,14,sacramento river,tisdale,6,67.66666666666667,336,9134.67261904762,9.119832630079882,2018,-0.21647785392634444
2018,15,sacramento river,tisdale,20,65.25,240,16732.142857142855,9.72508687048541,2018,0.7021190783465403
2018,16,sacramento river,tisdale,43,76.95348837209302,336,8854.144503546098,9.08864093386662,2018,-0.2638176237967602
2018,17,sacramento river,tisdale,24,78.41666666666667,336,6336.800595238094,8.75412928208361,2018,-0.7715073789838127
2018,18,sacramento river,tisdale,1,79,336,4852.797619047618,8.487310646299433,2018,-1.1764591561747717
2018,19,sacramento river,tisdale,3,82,336,4388.517387218045,8.386746724020004,2018,-1.329085448295118
2018,20,sacramento river,tisdale,0,NA,336,4062.752976190476,8.309616095761502,2018,-1.4461469305163217
2018,21,sacramento river,tisdale,1,92,336,5443.988095238096,8.602267177001533,2018,-1.0019891410998987
2018,22,sacramento river,tisdale,0,NA,336,6185.148809523809,8.729906344282316,2018,-0.8082706346034634
2018,23,sacramento river,tisdale,0,NA,336,5301.160714285715,8.575681078258041,2018,-1.0423389761221407
2018,24,sacramento river,tisdale,0,NA,240,4802.752976190476,8.476944569193014,2018,-1.1921917954426604
2018,25,sacramento river,tisdale,NA,NA,NA,5496.428571428572,8.611853809651766,2018,-0.9874394679948726
2018,26,sacramento river,tisdale,NA,NA,NA,5364.732142857143,8.587601727044351,2018,-1.0242469568106032
2018,27,sacramento river,tisdale,NA,NA,NA,6030.3125,8.704554112590674,2018,-0.8467478243586478
2018,28,sacramento river,tisdale,NA,NA,NA,6681.279761904762,8.807064829304839,2018,-0.6911668740531471
2018,29,sacramento river,tisdale,NA,NA,NA,6869.985119047619,8.834917219136555,2018,-0.6488951836660778
2018,30,sacramento river,tisdale,NA,NA,NA,6807.2172619047615,8.825738690362542,2018,-0.6628254757842098
2018,31,sacramento river,tisdale,NA,NA,NA,7289.672619047618,8.89421391577038,2018,-0.5589003352446088
2018,32,sacramento river,tisdale,0,NA,144,7354.002976190475,8.903000066564763,2018,-0.5455655568532994
2018,33,sacramento river,tisdale,0,NA,336,6708.854166666666,8.811183450356397,2018,-0.684916025383964
2018,34,sacramento river,tisdale,0,NA,336,6577.559523809525,8.791419062483463,2018,-0.7149125208338171
2018,35,sacramento river,tisdale,0,NA,336,6974.166666666666,8.84996812523892,2018,-0.6260523595260991
2018,36,sacramento river,tisdale,0,NA,336,7433.110119047619,8.913699639501552,2018,-0.5293267695466982
2018,37,sacramento river,tisdale,0,NA,336,7435.431547619049,8.914011899929283,2018,-0.5288528505687947
2018,38,sacramento river,tisdale,0,NA,336,7224.538690476191,8.885238661873155,2018,-0.5725221162185623
2018,39,sacramento river,tisdale,0,NA,336,6658.75,8.803687058231208,2018,-0.6962933315630985
2018,40,sacramento river,tisdale,0,NA,336,6860.148809523809,8.833484412835064,2018,-0.6510697598775701
2018,41,sacramento river,tisdale,2,41.5,336,6688.005952380953,8.808071044773255,2018,-0.6896397365615141
2018,42,sacramento river,tisdale,0,NA,336,5931.7377819548865,8.68807249829477,2018,-0.8717620404027653
2018,43,sacramento river,tisdale,0,NA,288,4541.755952380952,8.421068989909937,2018,-1.2769943995252275
2018,44,sacramento river,tisdale,1,135,336,4282.701284461153,8.362339230719222,2018,-1.3661288045804814
2018,45,sacramento river,tisdale,0,NA,336,3883.1696428571427,8.264407017383359,2019,-1.5147609408555498
2018,46,sacramento river,tisdale,0,NA,192,3719.285714285714,8.221286916541686,2019,-1.5802045011120116
2018,47,sacramento river,tisdale,0,NA,288,5128.9880952380945,8.542663666317768,2019,-1.0924496425085566
2018,48,sacramento river,tisdale,0,NA,336,7429.881109022557,8.91326513610633,2019,-0.5299862171957467
2018,49,sacramento river,tisdale,184,62.98692810457516,336,6047.97619047619,8.70747898109173,2019,-0.8423087390073886
2018,50,sacramento river,tisdale,1,65,336,4543.601190476191,8.421475190368895,2019,-1.2763779073627992
2018,51,sacramento river,tisdale,21,56.42857142857143,288,9730.386904761905,9.183008938496561,2019,-0.12059490221830847
2018,52,sacramento river,tisdale,63,41.888888888888886,240,9545.297619047618,9.163803916296857,2019,-0.14974244600926354
2018,53,sacramento river,tisdale,0,NA,48,6804.0625,8.825275139246639,2019,-0.6635290092823558
2019,1,sacramento river,tisdale,5,57.2,336,6030.238095238096,8.704541774055826,2019,-0.8467665506054108
2019,2,sacramento river,tisdale,285,38.01754385964912,336,17438.70535714286,9.766447460598702,2019,0.7648922216947149
2019,3,sacramento river,tisdale,18,38.333333333333336,288,19285.9375,9.867131482372349,2019,0.9177007893277158
2019,4,sacramento river,tisdale,37,38.32432432432432,336,20213.095238095237,9.91408595246079,2019,0.988963788081498
2019,5,sacramento river,tisdale,86,43.104651162790695,336,13746.875,9.528566804537084,2019,0.4038597392806222
2019,6,sacramento river,tisdale,99,40.535353535353536,336,21339.136904761905,9.968298079087587,2019,1.071241762999938
2019,7,sacramento river,tisdale,14,40.142857142857146,336,22342.261904761905,10.014235316591936,2019,1.140960903538818
2019,8,sacramento river,tisdale,55,46.2,336,20247.76785714286,9.915799837182096,2019,0.991564958204993
2019,9,sacramento river,tisdale,16,49.5,120,24364.1369047619,10.100867531082022,2019,1.2724429835541184
2019,10,sacramento river,tisdale,7,50,336,27290.476190476187,10.214293062816406,2019,1.4445893949907667
2019,11,sacramento river,tisdale,6,68.83333333333333,288,26564.583333333336,10.187334153963743,2019,1.4036737444818366
2019,12,sacramento river,tisdale,40,71.95,288,23781.10119047619,10.076646476593819,2019,1.2356825862467482
2019,13,sacramento river,tisdale,17,72.6470588235294,288,24971.726190476194,10.12549951146015,2019,1.3098270448305738
2019,14,sacramento river,tisdale,216,75.66272189349112,288,25388.39285714285,10.142047374433897,2019,1.3349418067745316
2019,15,sacramento river,tisdale,570,72.08571428571429,336,26469.047619047622,10.183731314938338,2019,1.3982057003852066
2019,16,sacramento river,tisdale,230,80.01304347826087,336,24628.125000000004,10.111644361542014,2019,1.2887990249319385
2019,17,sacramento river,tisdale,122,80.31967213114754,336,17236.309523809523,9.754773456558329,2019,0.7471745361620327
2019,18,sacramento river,tisdale,8,73,336,10057.202380952382,9.216044311633912,2019,-0.07045697604677476
2019,19,sacramento river,tisdale,168,83.14285714285714,336,8547.00892857143,9.053336667809374,2019,-0.31739905839291077
2019,20,sacramento river,tisdale,14,86.78571428571429,288,9890.610119047618,9.199341113214242,2019,-0.09580749125700043
2019,21,sacramento river,tisdale,20,84.15,336,13297.470238095239,9.495329088456062,2019,0.35341471636376176
2019,22,sacramento river,tisdale,0,NA,288,14750.744047619048,9.599048804402091,2019,0.5108305699402709
2019,23,sacramento river,tisdale,0,NA,336,13778.273809523811,9.530848268907034,2019,0.4073223274484014
2019,24,sacramento river,tisdale,0,NA,192,9565.80827067669,9.165950381249992,2019,-0.14648474702997136
2019,25,sacramento river,tisdale,0,NA,192,7484.122023809525,8.92053899188553,2019,-0.5189466553744339
2019,26,sacramento river,tisdale,1,83,336,6306.264880952382,8.749298843814081,2019,-0.7788385556690849
2019,27,sacramento river,tisdale,0,NA,336,6630.669642857142,8.799461080018792,2019,-0.7027071166514546
2019,28,sacramento river,tisdale,0,NA,336,6655.029761904762,8.803128202931122,2019,-0.697141508626509
2019,29,sacramento river,tisdale,0,NA,336,6433.184523809525,8.769224954943278,2019,-0.7485966121460713
2019,30,sacramento river,tisdale,0,NA,144,6340.9077380952385,8.754777213538231,2019,-0.770524010662198
2019,31,sacramento river,tisdale,NA,NA,NA,6444.074718045113,8.770916339208712,2019,-0.7460295910600531
2019,32,sacramento river,tisdale,NA,NA,NA,6727.038690476191,8.813890309529237,2019,-0.6808078137164191
2019,33,sacramento river,tisdale,NA,NA,NA,7112.410714285713,8.869596525004047,2019,-0.5962622538052527
2019,34,sacramento river,tisdale,NA,NA,NA,7617.291666666666,8.938176161180538,2019,-0.4921786485984453
2019,35,sacramento river,tisdale,NA,NA,NA,7647.797619047618,8.942172992436504,2019,-0.48611264081949446
2019,36,sacramento river,tisdale,0,NA,24,7660.892857142857,8.94388381692664,2019,-0.4835161152218495
2019,37,sacramento river,tisdale,0,41,144,7822.247023809525,8.964727135462356,2019,-0.4518821221209222
2019,38,sacramento river,tisdale,1,36,336,7965.5505952380945,8.982881346789663,2019,-0.42432939845569967
2019,39,sacramento river,tisdale,6,38.5,336,7558.4672619047615,8.93042370548412,2019,-0.5039445835475984
2019,40,sacramento river,tisdale,11,27.7,336,7002.380952380953,8.854005506258718,2019,-0.6199248091982935
2019,41,sacramento river,tisdale,1,41,336,6104.494047619048,8.7167805080276,2019,-0.8281917720564114
2019,42,sacramento river,tisdale,2,39.5,336,6516.294642857143,8.782061187063205,2019,-0.7291150081189649
2019,43,sacramento river,tisdale,2,36.5,336,6216.875000000001,8.735022647906678,2019,-0.8005055988545741
2019,44,sacramento river,tisdale,6,39.666666666666664,336,5455.535714285715,8.60438609954714,2019,-0.9987732433495342
2019,45,sacramento river,tisdale,2,59.5,336,4110.580357142857,8.321319503639119,2020,-1.4283846186549227
2019,46,sacramento river,tisdale,0,NA,336,4174.642857142857,8.336784090426612,2020,-1.4049139495814755
2019,47,sacramento river,tisdale,0,NA,336,4447.261904761904,8.400043883483443,2020,-1.3089042928803705
2019,48,sacramento river,tisdale,1,97,336,5040.580357142857,8.525276504662893,2020,-1.118838211626883
2019,49,sacramento river,tisdale,12,73.5,336,8056.994047619048,8.99429581899314,2020,-0.4070056054945757
2019,50,sacramento river,tisdale,1208,50.82239382239382,336,10361.502976190477,9.245852580212986,2020,-0.025216840174685624
2019,51,sacramento river,tisdale,10,58.9,336,8482.544642857143,9.045765759580833,2020,-0.32888945797870683
2019,52,sacramento river,tisdale,78,39.78333333333333,336,10251.919642857143,9.235220249261392,2020,-0.041353574034659425
2019,53,sacramento river,tisdale,0,NA,48,8869.166666666666,9.09033612124709,2020,-0.26124483070689414
2020,1,sacramento river,tisdale,9,48.77777777777778,336,7409.627976190475,8.910535511387476,2020,-0.5341289802292056
2020,2,sacramento river,tisdale,2,112,336,7257.232142857143,8.889753787585184,2020,-0.5656694907415112
2020,3,sacramento river,tisdale,393,38.16,312,8403.869047619048,9.036447479694399,2020,-0.343031850953936
2020,4,sacramento river,tisdale,641,52.04892966360856,336,11063.913690476189,9.311444072381068,2020,0.07433164617450755
2020,5,sacramento river,tisdale,2759,38.89625360230548,312,12046.964285714284,9.396567980683251,2020,0.2035245634799237
2020,6,sacramento river,tisdale,88,39.44,336,7999.67261904762,8.987155897205572,2020,-0.41784189512772807
2020,7,sacramento river,tisdale,26,44.25,336,6616.934523809524,8.797387478815683,2020,-0.7058542300077488
2020,8,sacramento river,tisdale,2,46.5,336,5869.360119047619,8.677500898200131,2020,-0.8878066027831047
2020,9,sacramento river,tisdale,4,51.25,336,6193.1994047619055,8.73120709883112,2020,-0.8062964738980859
2020,10,sacramento river,tisdale,3,57.666666666666664,288,6465.639880952381,8.774257262480202,2020,-0.7409590576159705
2020,11,sacramento river,tisdale,1,65,336,5837.525845864662,8.672062329524467,2020,-0.8960607415695983
2020,12,sacramento river,tisdale,7,68.83333333333333,336,7049.553571428572,8.860719570599695,2020,-0.6097348452212177
2020,13,sacramento river,tisdale,31,77.56666666666666,336,6547.247023809524,8.786799938569308,2020,-0.7219229848241039
2020,14,sacramento river,tisdale,94,79.20430107526882,336,7509.360119047618,8.92390553727295,2020,-0.5138372351361418
2020,15,sacramento river,tisdale,7,74.71428571428571,336,7627.639411027568,8.939533693844648,2020,-0.4901183155062281
2020,16,sacramento river,tisdale,3,83,336,5483.1547619047615,8.609435900777141,2020,-0.9911091385671227
2020,17,sacramento river,tisdale,131,84.98473282442748,336,4976.502976190475,8.512482709734865,2020,-1.1382554085475365
2020,18,sacramento river,tisdale,65,81.86153846153846,336,5293.093515037594,8.574158139383306,2020,-1.0446503469230028
2020,19,sacramento river,tisdale,29,79.06896551724138,336,5740.193452380952,8.655248191251088,2020,-0.9215796306671602
2020,20,sacramento river,tisdale,3,97,336,7809.672619047618,8.963118323779419,2020,-0.45432382244764846
2020,21,sacramento river,tisdale,7,68.71428571428571,336,8657.723214285716,9.066207058708946,2020,-0.29786561144080326
2020,22,sacramento river,tisdale,0,NA,48,6315.3125,8.750732518912567,2020,-0.7766626608807016
2020,23,sacramento river,tisdale,NA,NA,NA,6967.4255952380945,8.849001080467092,2020,-0.6275200474850908
2020,24,sacramento river,tisdale,NA,NA,NA,6349.464285714285,8.756125723873414,2020,-0.7684773707969296
2020,25,sacramento river,tisdale,NA,NA,NA,7001.875,8.853933249312988,2020,-0.6200344738718336
2020,26,sacramento river,tisdale,NA,NA,NA,6543.660714285715,8.78625203009951,2020,-0.7227545478366748
2020,27,sacramento river,tisdale,NA,NA,NA,6929.1369047619055,8.843490539660204,2020,-0.6358834186809383
2020,28,sacramento river,tisdale,NA,NA,NA,6891.5327380952385,8.838048797626763,2020,-0.6441423736860109
2020,29,sacramento river,tisdale,NA,NA,NA,7018.3630952380945,8.856285292513288,2020,-0.6164647679133565
2020,30,sacramento river,tisdale,NA,NA,NA,6721.071428571429,8.813002859583694,2020,-0.6821547002693742
2020,31,sacramento river,tisdale,NA,NA,NA,6116.413690476191,8.718731205454064,2020,-0.825231190284127
2020,32,sacramento river,tisdale,NA,NA,NA,6185.505952380952,8.729964084614435,2020,-0.8081830018560786
2020,33,sacramento river,tisdale,NA,NA,NA,6486.160714285716,8.777426065204391,2020,-0.7361497522578313
2020,34,sacramento river,tisdale,NA,NA,NA,7164.345238095238,8.876871952708363,2020,-0.585220306266512
2020,35,sacramento river,tisdale,NA,NA,NA,6836.577380952381,8.830042502481595,2020,-0.6562935618450491
2020,36,sacramento river,tisdale,NA,NA,NA,6326.874999999999,8.752561712353016,2020,-0.7738864862242402
2020,37,sacramento river,tisdale,NA,NA,NA,6291.964285714285,8.747028588020019,2020,-0.782284132533616
2020,38,sacramento river,tisdale,0,NA,288,6294.181547619048,8.747380921761748,2020,-0.7817493941167954
2020,39,sacramento river,tisdale,0,NA,336,5963.497023809524,8.693412336950857,2020,-0.8636577445864709
2020,40,sacramento river,tisdale,0,NA,336,5659.077380952382,8.641016151011288,2020,-0.9431796586083204
2020,41,sacramento river,tisdale,0,NA,336,4904.702380952381,8.497949693492378,2020,-1.1603122290467627
2020,42,sacramento river,tisdale,0,NA,336,4113.139880952381,8.321941977122668,2020,-1.4274398880041697
2020,43,sacramento river,tisdale,3,42.333333333333336,336,3624.836936090225,8.195564583129478,2020,-1.619243395820991
2020,44,sacramento river,tisdale,0,NA,336,3820.252976190476,8.248071923541533,2020,-1.539552782183977
2020,45,sacramento river,tisdale,0,NA,336,4012.0833333333326,8.297065919886384,2021,-1.4651943857652836
2020,46,sacramento river,tisdale,0,NA,336,4138.616071428572,8.32811672867096,2021,-1.4180684413439897
2020,47,sacramento river,tisdale,0,NA,336,4564.151785714285,8.425987967596857,2021,-1.2695288461899947
2020,48,sacramento river,tisdale,0,NA,336,4399.0625,8.389146729022285,2021,-1.3254429505059941
2020,49,sacramento river,tisdale,0,NA,336,4130.982142857143,8.32627046467068,2021,-1.4208705240616368
2020,50,sacramento river,tisdale,0,NA,336,4271.443452380952,8.359707094152402,2021,-1.3701236094313891
2020,51,sacramento river,tisdale,0,NA,336,4986.785714285715,8.514546835761037,2021,-1.1351226757075394
2020,52,sacramento river,tisdale,2,61,240,4673.97574721378,8.449765326213663,2021,-1.2334418479918219
2020,53,sacramento river,tisdale,2,86.5,96,4645,8.443546651247939,2021,-1.242879957409262
2021,1,sacramento river,tisdale,2,80.5,336,4773.735119047619,8.470884321289017,2021,-1.2013894594353907
2021,2,sacramento river,tisdale,1,43,336,4961.041666666667,8.509371011110098,2021,-1.1429780467713577
2021,3,sacramento river,tisdale,3,98,336,4680.5505952380945,8.451171030546792,2021,-1.2313084045528637
2021,4,sacramento river,tisdale,2,64.5,336,4561.770833333333,8.425466167766995,2021,-1.2703207840088035
2021,5,sacramento river,tisdale,1220,43.15533980582524,336,8987.842261904761,9.103628083296387,2021,-0.24107156342967245
2021,6,sacramento river,tisdale,1568,43.26258205689278,336,7556.800595238096,8.93020317791039,2021,-0.5042792791832295
2021,7,sacramento river,tisdale,393,44.51754385964912,336,7985.684523809524,8.985405783187671,2021,-0.42049805060859496
2021,8,sacramento river,tisdale,140,44.54545454545455,336,6550.148809523809,8.787243047382493,2021,-0.7212504766956487
2021,9,sacramento river,tisdale,11,46.1,336,4896.502976190476,8.496276550980634,2021,-1.1628515645457
2021,10,sacramento river,tisdale,11,53.90909090909091,336,4843.645833333333,8.485422987494069,2021,-1.1793240639639735
2021,11,sacramento river,tisdale,8,52.857142857142854,336,5849.6875,8.67414351999565,2021,-0.8929021099489048
2021,12,sacramento river,tisdale,465,68.09045226130654,336,7280.520833333334,8.892957681671943,2021,-0.5608069270733038
2021,13,sacramento river,tisdale,364,70.17415730337079,336,5185.951127819549,8.553708542186012,2021,-1.0756867874757596
2021,14,sacramento river,tisdale,39,79.25641025641026,336,4919.022713032581,8.500865154193214,2021,-1.1558874219538702
2021,15,sacramento river,tisdale,35,80.03333333333333,336,5121.875,8.541275861932194,2021,-1.094555919121058
2021,16,sacramento river,tisdale,208,81.09677419354838,336,4175.25156641604,8.336929890898663,2021,-1.404692667585565
2021,17,sacramento river,tisdale,23,79.65217391304348,336,4124.924958565769,8.324803106740463,2021,-1.4230975394268501
2021,18,sacramento river,tisdale,19,80.84210526315789,336,3920.654761904762,8.27401394993452,2021,-1.5001804585046348
2021,19,sacramento river,tisdale,7,78.42857142857143,336,4737.8125,8.4633308102759,2021,-1.2128534551934194
2021,20,sacramento river,tisdale,0,NA,336,5190.446428571428,8.554574989526465,2021,-1.0743717766657852
2021,21,sacramento river,tisdale,0,NA,336,5435.208333333334,8.600653130620726,2021,-1.0044387861498232
2021,22,sacramento river,tisdale,0,NA,96,4022.8125000000005,8.299736563853953,2021,-1.4611411380686488
2021,23,sacramento river,tisdale,NA,NA,NA,3556.041666666667,8.176403313850487,2021,-1.6483245356182807
2021,24,sacramento river,tisdale,NA,NA,NA,3341.160714285714,8.11407354484714,2021,-1.7429226908619202
2021,25,sacramento river,tisdale,NA,NA,NA,3645.982142857142,8.201381057491327,2021,-1.610415707968927
2021,26,sacramento river,tisdale,NA,NA,NA,3700.223214285714,8.216148424997971,2021,-1.5880032115603744
2021,27,sacramento river,tisdale,NA,NA,NA,4180.446428571428,8.338173320909615,2021,-1.4028055085748474
2021,28,sacramento river,tisdale,NA,NA,NA,4716.607142857143,8.458844994434697,2021,-1.2196615969549864
2021,29,sacramento river,tisdale,NA,NA,NA,4856.681547619047,8.488110674542332,2021,-1.1752449499113562
2021,30,sacramento river,tisdale,NA,NA,NA,5046.8005952380945,8.526509775997246,2021,-1.1169664704828013
2021,31,sacramento river,tisdale,NA,NA,NA,5146.071428571428,8.545988873151776,2021,-1.0874029619684153
2021,32,sacramento river,tisdale,NA,NA,NA,5250.610119047619,8.566099561985371,2021,-1.0568808840792003
2021,33,sacramento river,tisdale,NA,NA,NA,5568.60119047619,8.62489916861313,2021,-0.9676404712719777
2021,34,sacramento river,tisdale,NA,NA,NA,5668.363095238096,8.642655659315961,2021,-0.94069136988836
2021,35,sacramento river,tisdale,0,NA,48,5387.767857142857,8.591886451439267,2021,-1.0177440123914656
2021,36,sacramento river,tisdale,0,NA,336,5496.473214285715,8.611861931776026,2021,-0.9874271410123735
2021,37,sacramento river,tisdale,2,38.5,336,5671.026785714287,8.64312547128171,2021,-0.939978334271802
2021,38,sacramento river,tisdale,1,36,336,5642.068452380952,8.638006024132963,2021,-0.9477481409610065
2021,39,sacramento river,tisdale,9,37.666666666666664,336,5730.2380952380945,8.65351236124308,2021,-0.9242141072455222
2021,40,sacramento river,tisdale,6,39.333333333333336,336,5795.610119047619,8.664856033932969,2021,-0.9069977670069854
2021,41,sacramento river,tisdale,3,38,336,5988.675595238096,8.697625564031336,2021,-0.8572633119452328
2021,42,sacramento river,tisdale,4,37.75,336,5986.755952380953,8.69730496717168,2021,-0.8577498831612864
2021,43,sacramento river,tisdale,34,59,336,13058.039160401004,9.477159250700652,2021,0.3258382764022129
2021,44,sacramento river,tisdale,39,55.58974358974359,336,9212.782738095237,9.128347226728975,2021,-0.20355521441512506
2021,45,sacramento river,tisdale,27,57.22222222222222,336,7505.9672619047615,8.923453618095362,2022,-0.5145231147920842
2021,46,sacramento river,tisdale,83,57.13253012048193,336,7108.616071428572,8.869062858482723,2022,-0.5970722017521134
2021,47,sacramento river,tisdale,7,93.57142857142857,336,4559.479166666666,8.42496367814882,2022,-1.2710834146372891
2021,48,sacramento river,tisdale,1,66,336,4400.907738095238,8.38956610274114,2022,-1.324806465231048
2021,49,sacramento river,tisdale,0,NA,336,4060.833333333333,8.309143486049551,2022,-1.4468642122841773
2021,50,sacramento river,tisdale,14,35.57142857142857,336,7446.235119047619,8.915463830491698,2022,-0.5266492493852437
2021,51,sacramento river,tisdale,499,37.789954337899545,336,12590.714285714284,9.44071485979874,2022,0.2705264694851411
2021,52,sacramento river,tisdale,557,39.67942583732057,240,15857.00892857143,9.671366885257545,2022,0.6205880285202753
2021,53,sacramento river,tisdale,28,39.25,48,12655.208333333334,9.445824135374997,2022,0.27828083873555887
2022,1,sacramento river,tisdale,514,40.25547445255474,336,10016.904761904761,9.212029420920041,2022,-0.07655039274171802
2022,2,sacramento river,tisdale,1448,40.32142857142857,336,9977.926065162907,9.208130538608293,2022,-0.0824677429918634
2022,3,sacramento river,tisdale,258,39.490566037735846,336,7086.324404761904,8.865922065461591,2022,-0.6018389966649131
2022,4,sacramento river,tisdale,53,39.705882352941174,336,5949.479166666667,8.691058959694256,2022,-0.867229475247863
2022,5,sacramento river,tisdale,10,42.9,336,5333.153731101949,8.581698036568394,2022,-1.0332070129296143
2022,6,sacramento river,tisdale,7,44.5,336,5206.095238095238,8.557585379297137,2022,-1.0698028953202658
2022,7,sacramento river,tisdale,8,45.75,336,5250.163063909774,8.566014414895662,2022,-1.0570101121790263
2022,8,sacramento river,tisdale,6,53.666666666666664,336,4642.96130952381,8.443107654908271,2022,-1.243546224019187
2022,9,sacramento river,tisdale,0,NA,336,4123.863641817309,8.324545780045423,2022,-1.4234880852452447
2022,10,sacramento river,tisdale,2,54.5,336,4171.5728383458645,8.336048423137996,2022,-1.4060304749511177
2022,11,sacramento river,tisdale,0,NA,336,4160.53007518797,8.333397767058011,2022,-1.4100533869458398
2022,12,sacramento river,tisdale,47,73.93617021276596,336,4291.080513784461,8.364293848223666,2022,-1.3631622732891917
2022,13,sacramento river,tisdale,26,77.07692307692308,336,4250.2200814536345,8.354726044449167,2022,-1.3776833697295146
2022,14,sacramento river,tisdale,226,80.06586826347305,336,4395.7186059907845,8.388386302098624,2022,-1.3265970536789422
2022,15,sacramento river,tisdale,249,79.84579439252336,336,4181.9922612382015,8.338543029493849,2022,-1.4022444002857346
2022,16,sacramento river,tisdale,41,77.1219512195122,336,5364.480846397909,8.587554883634768,2022,-1.0243180512523562
2022,17,sacramento river,tisdale,36,80.55882352941177,336,5536.496010638298,8.6191170905812875,2022,-0.9764159556678476
2022,18,sacramento river,tisdale,15,83.53333333333333,336,4271.041666666667,8.35961302651073,2022,-1.3702663762908307
2022,19,sacramento river,tisdale,18,85.5,336,3826.664786967419,8.249748889994722,2022,-1.5370076430728623
2022,20,sacramento river,tisdale,0,NA,240,3818.659931077694,8.247654836671918,2022,-1.540185796698113
2022,21,sacramento river,tisdale,NA,NA,NA,3488.452380952381,8.157213472992986,2022,-1.6774490386216718
2022,22,sacramento river,tisdale,NA,NA,NA,3477.514880952381,8.15407320299833,2022,-1.6822150397349676
2022,23,sacramento river,tisdale,NA,NA,NA,3570.699404761905,8.180516767283507,2022,-1.6420815298657108
2022,24,sacramento river,tisdale,NA,NA,NA,3424.285714285714,8.138648178373117,2022,-1.7056256651466297
2022,25,sacramento river,tisdale,NA,NA,NA,3243.526785714286,8.084416530893803,2022,-1.7879332669458747
2022,26,sacramento river,tisdale,NA,NA,NA,3135.6845238095234,8.050602778134929,2022,-1.8392525431761815
2022,27,sacramento river,tisdale,NA,NA,NA,3255.773809523809,8.088185255889892,2022,-1.7822134570067194
2022,28,sacramento river,tisdale,NA,NA,NA,3246.889880952381,8.085452857438554,2022,-1.7863604297457527
2022,29,sacramento river,tisdale,NA,NA,NA,3144.880952380952,8.05353131543907,2022,-1.8348078896668916
2022,30,sacramento river,tisdale,NA,NA,NA,3120.626879699248,8.045789183601737,2022,-1.8465581560512474
2022,31,sacramento river,tisdale,NA,NA,NA,3175.810620300752,8.063318192220404,2022,-1.819954305193295
2022,32,sacramento river,tisdale,NA,NA,NA,3199.1071428571427,8.070627031997951,2022,-1.8088616480090505
2022,33,sacramento river,tisdale,NA,NA,NA,3257.889590891264,8.088834899972431,2022,-1.781227489422436
2022,34,sacramento river,tisdale,NA,NA,NA,3187.1726190476193,8.066889476442112,2022,-1.814534151956305
2022,35,sacramento river,tisdale,NA,NA,NA,3185.4110275689227,8.066336610721942,2022,-1.815373238608828
2022,36,sacramento river,tisdale,NA,NA,NA,3207.504229323308,8.07324841506205,2022,-1.8048831637949123
2022,37,sacramento river,tisdale,NA,NA,NA,3164.5731516290725,8.059773460279063,2022,-1.8253341599215558
2022,38,sacramento river,tisdale,1,NA,216,3444.880952380952,8.144644626212335,2022,-1.6965248307832899
2022,39,sacramento river,tisdale,0,NA,336,3495.816729323308,8.159322312438855,2022,-1.6742484440346213
2022,40,sacramento river,tisdale,2,34,336,3326.8632518796994,8.109785172642846,2022,-1.7494311715768485
2022,41,sacramento river,tisdale,1,39,336,3280.006332320162,8.09560063196174,2022,-1.7709591092359604
2022,42,sacramento river,tisdale,0,NA,336,3216.3728070175434,8.076009546160435,2022,-1.8006925833953757
2022,43,sacramento river,tisdale,0,NA,336,3228.468941636005,8.07976329196016,2022,-1.7949955074461847
2022,44,sacramento river,tisdale,0,NA,336,3285.0903788727132,8.097149443134679,2022,-1.7686084719381898
2022,45,sacramento river,tisdale,0,NA,336,3715.3273809523807,8.220222077347863,2023,-1.5818206120807752
2022,46,sacramento river,tisdale,0,NA,336,3482.4255952380954,8.155484340095667,2023,-1.6800733509666876
2022,47,sacramento river,tisdale,0,NA,336,3143.9971804511274,8.053250256745619,2023,-1.8352344536401068
2022,48,sacramento river,tisdale,0,NA,336,3174.9500313283206,8.063047173038637,2023,-1.8203656321569712
2022,49,sacramento river,tisdale,1,68,336,4775.40899122807,8.471234901860063,2023,-1.2008573818131638
2022,50,sacramento river,tisdale,100,53,192,7620.744047619048,8.938629287958317,2023,-0.4914909361625602
2022,51,sacramento river,tisdale,23,58.130434782608695,336,3642.5148809523807,8.200429623428862,2023,-1.611859703487991
2022,52,sacramento river,tisdale,139,40.23529411764706,192,6426.532738095238,8.76819043977128,2023,-0.7501667002180699
2022,53,sacramento river,tisdale,0,NA,48,14264.583333333334,9.565535054201263,2023,0.4599666088669634
2023,1,sacramento river,tisdale,185,39.892857142857146,144,20425.14880952381,9.924522205357663,2023,1.004802933444724
2023,2,sacramento river,tisdale,1354,39.73614190687361,288,26306.90122913667,10.177586587893591,2023,1.3888798220416252
2023,3,sacramento river,tisdale,1614,38.88283378746594,336,25926.481946759486,10.163020194309105,2023,1.3667723446086322
2023,4,sacramento river,tisdale,458,40.24582338902148,288,15899.367167919801,9.674034586656491,2023,0.6246368102680093
2023,5,sacramento river,tisdale,210,40.54822335025381,336,10184.002976190477,9.228573432479,2023,-0.051441476106349165
2023,6,sacramento river,tisdale,1356,39.413662239089184,336,9512.619047619048,9.160374516953029,2023,-0.15494725996425254
2023,7,sacramento river,tisdale,107,43.76635514018692,336,8278.630952380952,9.02143288979315,2023,-0.36581955784117953
2023,8,sacramento river,tisdale,23,51.130434782608695,336,6610.892857142858,8.796474000447272,2023,-0.70724062000868
2023,9,sacramento river,tisdale,88,50.06818181818182,192,13161.190476190475,9.485027662504494,2023,0.3377801984282808
2023,10,sacramento river,tisdale,36,54.833333333333336,288,12589.136904761905,9.440589570658426,2023,0.27033631762455684
2023,11,sacramento river,tisdale,65,48.10769230769231,216,25642.45478945891,10.152004647070289,2023,1.3500540017613287
2023,12,sacramento river,tisdale,80,48.575,336,24638.981905712444,10.112085098032143,2023,1.2894679325756118
2023,13,sacramento river,tisdale,18,59.22222222222222,336,22485.165373540232,10.020611054016108,2023,1.1506373873167712
2023,14,sacramento river,tisdale,87,72.03448275862068,336,16788.32393483709,9.728438919885448,2023,0.707206497963196
2023,15,sacramento river,tisdale,296,75.15525114155251,288,15755.1092367044,9.664919987630011,2023,0.6108035445993335
2023,16,sacramento river,tisdale,32,78.65625,336,12894.893483709273,9.46458665800287,2023,0.30675679904625064
2023,17,sacramento river,tisdale,285,82.4329268292683,336,12876.898828445514,9.463190196478573,2023,0.30463738345752644
2023,18,sacramento river,tisdale,74,77.01369863013699,336,14767.43690679564,9.600179826735875,2023,0.5125471273417518
2023,19,sacramento river,tisdale,13,80.66666666666667,336,16175.064323041646,9.691226096056196,2023,0.6507284371273745
2023,20,sacramento river,tisdale,13,82.6923076923077,336,14029.496844075786,9.548917309593532,2023,0.43474578727019514
2023,21,sacramento river,tisdale,6,81.5,336,13837.91510001691,9.535167574761493,2023,0.4138777562956174
2023,22,sacramento river,tisdale,5,79.6,336,10956.168394777265,9.30165790036135,2023,0.059479131320610314
2023,23,sacramento river,tisdale,0,NA,336,8909.86607142857,9.094914489086854,2023,-0.2542962223838751
2023,24,sacramento river,tisdale,0,NA,336,7428.973214285715,8.913142933584089,2023,-0.5301716844829683
2023,25,sacramento river,tisdale,0,NA,336,5414.703007518797,8.596873311674063,2023,-1.0101754334249011
2023,26,sacramento river,tisdale,1,92,240,4891.681547619048,8.495291398126263,2023,-1.1643467352185048
2023,27,sacramento river,tisdale,NA,NA,NA,5017.529761904763,8.520693012273183,2023,-1.1257945975011272
2023,28,sacramento river,tisdale,NA,NA,NA,5007.306547619048,8.51865343426632,2023,-1.1288900737079206
2023,29,sacramento river,tisdale,NA,NA,NA,5325.297619047619,8.58022387991675,2023,-1.0354443467432246
2023,30,sacramento river,tisdale,NA,NA,NA,4871.235119047618,8.491102801795313,2023,-1.1707037856665317
2023,31,sacramento river,tisdale,NA,NA,NA,5208.556547619048,8.558058042161008,2023,-1.0690855328835154
2023,32,sacramento river,tisdale,NA,NA,NA,5215.267857142857,8.5593457289428585,2023,-1.067131205183566
2023,33,sacramento river,tisdale,NA,NA,NA,5419.598214285715,8.597776961480324,2023,-1.0088039602745031
2023,34,sacramento river,tisdale,NA,NA,NA,6029.032738095238,8.704341868578368,2023,-0.8470699479979099
2023,35,sacramento river,tisdale,0,NA,144,6429.0625,8.76858400566855,2023,-0.7495693835835953
2023,36,sacramento river,tisdale,0,NA,336,6683.154761904762,8.807345424792656,2023,-0.6907410130890902
2023,37,sacramento river,tisdale,1,37,336,6708.779761904762,8.811172359762885,2023,-0.6849328576248589
2023,38,sacramento river,tisdale,1,39,336,6782.127976190476,8.822046192485502,2023,-0.6684295955009103
2023,39,sacramento river,tisdale,1,39,312,6093.154761904762,8.714921249877467,2023,-0.8310135760505014
2023,40,sacramento river,tisdale,3,38,336,6101.785714285716,8.716336747368235,2023,-0.8288652694945844
2023,41,sacramento river,tisdale,0,NA,336,5547.068452380953,8.62102486041193,2023,-0.973520525290132
2023,42,sacramento river,tisdale,3,38.333333333333336,336,5188.705357142857,8.554239495551457,2023,-1.074880957297105
2023,43,sacramento river,tisdale,3,39,312,4969.389880952381,8.511052351183249,2023,-1.1404262697986438
2023,44,sacramento river,tisdale,5,37.6,336,4838.616071428572,8.48438402316803,2023,-1.1809009045359633
2023,45,sacramento river,tisdale,0,NA,336,3761.0419799498745,8.232451320319734,2024,-1.563260238062653
2023,46,sacramento river,tisdale,0,NA,336,3614.9404761904766,8.192830668673203,2024,-1.6233926694071592
2023,47,sacramento river,tisdale,2,40.5,288,4279.6875,8.361635271891497,2024,-1.3671972058843052
2023,48,sacramento river,tisdale,4,56,336,4142.1875,8.328979308917445,2024,-1.4167592996389609
2023,49,sacramento river,tisdale,0,NA,288,4487.455357142857,8.409041084478048,2024,-1.2952492027034739
2023,50,sacramento river,tisdale,2,63.5,336,4727.7827380952385,8.461211605850583,2024,-1.2160697807538183
2023,51,sacramento river,tisdale,155,51.18181818181818,336,7976.754385964911,8.984286889160668,2024,-0.4221962008273447
2023,52,sacramento river,tisdale,155,43.52597402597402,240,7938.27380952381,8.979451126263342,2024,-0.4295354587228468
2023,53,sacramento river,tisdale,NA,NA,NA,9200,9.126958763037132,2024,-0.20566249165955108
2024,1,sacramento river,tisdale,1316,42.43269230769231,288,12175.81845238095,9.40720716970622,2024,0.21967170586396167
2024,2,sacramento river,tisdale,29,40.06896551724138,336,8987.306547619048,9.103568477193367,2024,-0.24116202786548155
2024,3,sacramento river,tisdale,1924,40.91628959276018,192,16597.410714285714,9.717001981111197,2024,0.6898486073921516
2024,4,sacramento river,tisdale,818,45.30742049469965,144,23114.33740601504,10.048208370902888,2024,1.1925219524115545
2024,5,sacramento river,tisdale,479,39.79338842975206,240,20357.314794158632,9.921195575628706,2024,0.9997540933708737
2024,6,sacramento river,tisdale,110,41,192,25767.13783127662,10.156855231559494,2024,1.3574157544498
2024,7,sacramento river,tisdale,94,46.02127659574468,336,23545.317626835953,10.066682252789931,2024,1.2205598414435086
2024,8,sacramento river,tisdale,373,49.088235294117645,192,26337.491243291934,10.17874872563178,2024,1.3906436034245737
2024,9,sacramento river,tisdale,76,41.54666666666667,240,25696.914984963485,10.15412622418241,2024,1.353273928358569
2024,10,sacramento river,tisdale,43,46.116279069767444,336,24445.89878228179,10.104217741867284,2024,1.2775276126973156
2024,11,sacramento river,tisdale,17,51.588235294117645,288,23409.20069430779,10.060884416130484,2024,1.2117604401115678
2024,12,sacramento river,tisdale,79,71.45070422535211,288,17820.465741964803,9.788102836595991,2024,0.7977586778553485
2024,13,sacramento river,tisdale,468,74.63037974683544,240,17914.637209402183,9.793373378872671,2024,0.8057578022621908
2024,14,sacramento river,tisdale,137,77.37777777777778,240,16824.56766917293,9.730595458442695,2024,0.7104794856942481
2024,15,sacramento river,tisdale,57,76.85964912280701,336,14131.398809523811,9.556154466498835,2024,0.44572965105466783
2024,16,sacramento river,tisdale,16,79.6875,240,16652.905815679205,9.720340003645358,2024,0.694914738374866
2024,17,sacramento river,tisdale,7,84,288,15591.323434038102,9.654469848380762,2024,0.5949433238601067
2024,18,sacramento river,tisdale,20,80.35,336,10296.339285714286,9.239543701890973,2024,-0.03479185160922132
2024,19,sacramento river,tisdale,62,86.2741935483871,336,10192.94642857143,9.229451233446904,2024,-0.05010923384775227
2024,20,sacramento river,tisdale,28,87.25,336,6594.166666666666,8.793940698815238,2024,-0.7110854226591327
2024,21,sacramento river,tisdale,5,87.4,336,7695.252976190475,8.948358921130968,2024,-0.47672423055707963
2024,22,sacramento river,tisdale,0,NA,240,7513.169642857143,8.924412712023349,2024,-0.5130674938625717
2024,23,sacramento river,tisdale,0,NA,144,6199.627976190476,8.732244565392635,2024,-0.8047219064896778
2024,24,sacramento river,tisdale,NA,NA,NA,5634.330357142857,8.63663358305786,2024,-0.9498311006119304
2024,25,sacramento river,tisdale,NA,NA,NA,5182.397243107769,8.55302301644482,2024,-1.0767272128058338
2024,26,sacramento river,tisdale,NA,NA,NA,5833.586309523809,8.671387237650098,2024,-0.8970853313756639
2024,27,sacramento river,tisdale,NA,NA,NA,7028.154761904763,8.85767946982503,2024,-0.6143488190837336
2024,28,sacramento river,tisdale,NA,NA,NA,7190.279448621554,8.880485316249324,2024,-0.5797362890679062
2024,29,sacramento river,tisdale,NA,NA,NA,7492.276785714287,8.921628007050579,2024,-0.5172938524314232
2024,30,sacramento river,tisdale,NA,NA,NA,7244.672619047618,8.888021666576824,2024,-0.5682983381553489
2024,31,sacramento river,tisdale,NA,NA,NA,7675.9375,8.945845714832847,2024,-0.4805385344338694
2024,32,sacramento river,tisdale,NA,NA,NA,7639.791666666667,8.94112561302786,2024,-0.4877022529981092
2024,33,sacramento river,tisdale,NA,NA,NA,7611.815476190476,8.937456986949133,2024,-0.4932701423850816
2024,34,sacramento river,tisdale,NA,NA,NA,7929.81328320802,8.97838476872849,2024,-0.4311538740842397
2024,35,sacramento river,tisdale,0,NA,288,8700.416666666666,9.071126196216161,2024,-0.2903998155456286
2024,36,sacramento river,tisdale,1,36,336,6473.660859738632,8.775497048149365,2024,-0.7390774296382691
2024,37,sacramento river,tisdale,0,NA,336,6683.258201306839,8.807360902303692,2024,-0.6907175228048293
2024,38,sacramento river,tisdale,0,NA,336,6723.609447726459,8.813380409517164,2024,-0.6815816911312097
2024,39,sacramento river,tisdale,0,NA,336,6468.036654135338,8.774627887677745,2024,-0.7403965581789429
2024,40,sacramento river,tisdale,0,NA,336,6171.03019937009,8.727621072065386,2024,-0.811739001956783
2024,41,sacramento river,tisdale,0,NA,144,5785.8973576132585,8.66317874559533,2024,-0.9095433946434972
2024,42,sacramento river,tisdale,NA,NA,NA,5356.538942973104,8.586073325903591,2024,-1.0265666177158186
2024,43,sacramento river,tisdale,NA,NA,NA,5602.714058845822,8.631006412682057,2024,-0.9583714810000562
2024,44,sacramento river,tisdale,NA,NA,NA,5498.98766982997,8.612319294248522,2024,-0.9867330000446214
