Year,DS_Dur_WS,DS_Tim,DS_Mag_50,DS_Mag_90,FA_Dur,FA_Mag,FA_Tim,SP_ROC,SP_Dur,SP_Mag,SP_Tim,Wet_BFL_Dur,Wet_BFL_Mag_10,Wet_BFL_Mag_50,Wet_Tim,Peak_Tim_10,Peak_Tim_2,Peak_Tim_5,Peak_Dur_10,Peak_Dur_2,Peak_Dur_5,Peak_10,Peak_2,Peak_5,Peak_Fre_10,Peak_Fre_2,Peak_Fre_5,gageid
1987,188,204,53,58,NA,NA,NA,0.02469512195121951,36,385,168,142,57.1,108,26,NA,NA,NA,NA,NA,NA,3968.0000000000055,1450,2632.0000000000005,NA,NA,NA,11372000
1988,118,276,53,55,NA,NA,NA,0.0175438596491228,22,77,254,228,60,78,26,NA,NA,NA,NA,NA,NA,3968.0000000000055,1450,2632.0000000000005,NA,NA,NA,11372000
1989,147,233,56,66.4,NA,NA,NA,0.02684684684684685,54,519,179,151,71,113,28,NA,NA,NA,NA,NA,NA,3968.0000000000055,1450,2632.0000000000005,NA,NA,NA,11372000
1990,106,286,56,80,NA,NA,NA,0.02531645569620253,44,907,242,228,61,78,14,NA,NA,NA,NA,NA,NA,3968.0000000000055,1450,2632.0000000000005,NA,NA,NA,11372000
1991,268,221,57,75,NA,NA,NA,0.01470588235294117,41,342,180,154,55,105,26,NA,NA,NA,NA,NA,NA,3968.0000000000055,1450,2632.0000000000005,NA,NA,NA,11372000
1992,67,310,49,50.4,NA,NA,NA,0.02409638554216867,107,225,203,80,67.8,134,123,NA,NA,NA,NA,NA,NA,3968.0000000000055,1450,2632.0000000000005,NA,NA,NA,11372000
1993,110,281,57,60,3,630.9532139410741,7,0.02667140825035562,30,1190,251,240,96.9,216,11,NA,139,111,NA,2,1,3968.0000000000055,1450,2632.0000000000005,NA,2,1,11372000
1994,173,282,55,109,NA,NA,NA,0.01653005464480874,71,161,211,186,64,93,25,NA,NA,NA,NA,NA,NA,3968.0000000000055,1450,2632.0000000000005,NA,NA,NA,11372000
1995,155,269,77,148,8,100.11830665529392,23,0.04972527472527473,99,3140,170,81,112,230,89,103,159,133.5,2,15,7,3968.0000000000055,1450,2632.0000000000005,2,3,2,11372000
1996,169,258,59,157.20000000000002,2,145.00051564624636,10,0.03296703296703297,24,240,234,176,144.5,198,58,NA,NA,NA,NA,NA,NA,3968.0000000000055,1450,2632.0000000000005,NA,NA,NA,11372000
1997,240,223,63,188,5,155.12000593294704,10,0.01485184912874053,101,747,122,61,190,259,61,92,103,91,3,8,4,3968.0000000000055,1450,2632.0000000000005,1,2,1,11372000
1998,66,333,51,206,4,151.00439539024384,7,0.02597840755735492,88,755,245,148,240.7,351.5,97,129,135,129,2,11,3,3968.0000000000055,1450,2632.0000000000005,1,6,1,11372000
1999,203,262,201,252,2,207.00130699805828,8,0.01115241635687732,65,448,197,164,216,297,33,NA,129,NA,NA,1,NA,3968.0000000000055,1450,2632.0000000000005,NA,1,NA,11372000
2000,143,279,58,132.8,NA,NA,NA,0.01639454411073036,48,315,231,132,243,282,99,NA,135,NA,NA,1,NA,3968.0000000000055,1450,2632.0000000000005,NA,1,NA,11372000
2001,117,287,105,195,2,133.05295693647355,2,0.0087001400870014,108,183,179,123,156,172,56,NA,NA,NA,NA,NA,NA,3968.0000000000055,1450,2632.0000000000005,NA,NA,NA,11372000
2002,153,281,206,225.00000000000017,2,180.05255515190584,9,0.01273885350318471,103,313,178,140,210.9,275.5,38,NA,93,NA,NA,1,NA,3968.0000000000055,1450,2632.0000000000005,NA,1,NA,11372000
2003,166,256,159,214.5,12,208.0689580102215,17,0.0150712907983813,40,3080,216,148,244.7,295.5,68,NA,90,211,NA,9,2,3968.0000000000055,1450,2632.0000000000005,NA,3,1,11372000
2004,139,288,189,217,3,238.99923860054145,39,0.01136363636363636,82,369,206,150,241,276.5,56,NA,143,NA,NA,3,NA,3968.0000000000055,1450,2632.0000000000005,NA,2,NA,11372000
2005,130,310,207,220.1,6,285.98485344536283,16,0.0082267519317879,47,227,263,202,222.1,273,61,NA,172,NA,NA,1,NA,3968.0000000000055,1450,2632.0000000000005,NA,1,NA,11372000
2006,138,264,99.7,199,4,484.9825212732826,46,0.01602564102564102,66,2470,198,124,263.9,406.5,74,NA,90,NA,NA,5,NA,3968.0000000000055,1450,2632.0000000000005,NA,3,NA,11372000
2007,136,304,209,213.5,2,204.0159225745321,1,0.01785714285714285,70,231,234,198,214,230.5,36,NA,NA,NA,NA,NA,NA,3968.0000000000055,1450,2632.0000000000005,NA,NA,NA,11372000
2008,187,304,200,217,NA,NA,NA,0.00873379099923722,154,1310,150,76,215,272,74,NA,NA,NA,NA,NA,NA,3968.0000000000055,1450,2632.0000000000005,NA,NA,NA,11372000
2009,169,285,213,275,5,514.9421125928686,43,0.01407907425265188,65,895,220,95,230,278,125,NA,NA,NA,NA,NA,NA,3968.0000000000055,1450,2632.0000000000005,NA,NA,NA,11372000
2010,113,315,219,245.8,8,465.96654279197776,13,0.00980392156862745,61,680,254,166,249.5,321,88,NA,111,NA,NA,1,NA,3968.0000000000055,1450,2632.0000000000005,NA,1,NA,11372000
2011,240,284,224.5,247,4,557.9052399367622,23,0.0195491594498217,31,744,253,191,227,284,62,NA,173,NA,NA,2,NA,3968.0000000000055,1450,2632.0000000000005,NA,2,NA,11372000
2012,101,309,181,242,NA,NA,NA,0.02307692307692307,57,972,252,94,226.3,273.5,158,NA,NA,NA,NA,NA,NA,3968.0000000000055,1450,2632.0000000000005,NA,NA,NA,11372000
2013,196,305,207,214,1,241.998976632466,0,0.00888179920437984,108,955,197,153,218,237,44,NA,NA,NA,NA,NA,NA,3968.0000000000055,1450,2632.0000000000005,NA,NA,NA,11372000
2014,129,293,179,185,NA,NA,NA,0.00516837169650468,91,424,202,67,204,252,135,NA,NA,NA,NA,NA,NA,3968.0000000000055,1450,2632.0000000000005,NA,NA,NA,11372000
2015,185,273,236,246.2,NA,NA,NA,0.01092928810320114,9,380,264,208,190,217,56,NA,79,NA,NA,4,NA,3968.0000000000055,1450,2632.0000000000005,NA,3,NA,11372000
2016,146,286,241,291,NA,NA,NA,0.05607476635514018,15,951,271,179,218.4,274,92,NA,136,NA,NA,6,NA,3968.0000000000055,1450,2632.0000000000005,NA,2,NA,11372000
2017,112,277,153.5,198,2,260.9726453874167,13,0.02963664421997755,12,780,265,199,278.8,366,66,NA,134.5,NA,NA,8,NA,3968.0000000000055,1450,2632.0000000000005,NA,4,NA,11372000
2018,182,277,209,244.9,NA,NA,NA,0.03947368421052631,13,884,264,241,197,213,23,NA,NA,NA,NA,NA,NA,3968.0000000000055,1450,2632.0000000000005,NA,NA,NA,11372000
2019,123,276,167,300.8,4,317.9796998263301,53,0.0125,8,490,268,175,200.4,346,93,NA,147,148,NA,5,3,3968.0000000000055,1450,2632.0000000000005,NA,1,1,11372000
2020,200,281,220,228.1,9,302.9954697857931,21,0.00613496932515337,14,604,267,234,222,291,33,NA,NA,NA,NA,NA,NA,3968.0000000000055,1450,2632.0000000000005,NA,NA,NA,11372000
2021,100,281,162,214,NA,NA,NA,0.00628930817610062,13,576,268,153,134,222,115,NA,NA,NA,NA,NA,NA,3968.0000000000055,1450,2632.0000000000005,NA,NA,NA,11372000
2022,170,279,187.5,225,NA,NA,NA,0.00586049170954831,177,350,102,87,224,246,15,NA,NA,NA,NA,NA,NA,3968.0000000000055,1450,2632.0000000000005,NA,NA,NA,11372000
2023,167,274,171,223,NA,NA,NA,0.06471832848452791,11,583,263,180,216,291.5,83,103.5,132,101,4,9,7,3968.0000000000055,1450,2632.0000000000005,2,2,1,11372000
2024,136,305,220,224.5,5,277.99418598685065,48,0.06106870229007633,43,575,262,187,232,327,75,NA,142,143,NA,4,2,3968.0000000000055,1450,2632.0000000000005,NA,2,1,11372000
1987,152,260,223.5,259,NA,NA,NA,0.02386634844868735,93,2280,167,93,322.6,390,74,NA,162,NA,NA,1,NA,5745.999999999998,2760,4508,NA,1,NA,11376550
1988,208,296,219,360.0000000000001,NA,NA,NA,0.02463054187192118,192,993,104,58,258.7,370.5,46,NA,NA,NA,NA,NA,NA,5745.999999999998,2760,4508,NA,NA,NA,11376550
1989,82,300,235,262,4,1479.9536031176897,53,0.01712328767123287,122,1780,178,40,337.9,913,138,NA,159,159,NA,3,1,5745.999999999998,2760,4508,NA,1,1,11376550
1990,189,293,209,246,NA,NA,NA,0.01851851851851851,46,665,247,231,262,314,16,NA,NA,NA,NA,NA,NA,5745.999999999998,2760,4508,NA,NA,NA,11376550
1991,131,319,205,229,NA,NA,NA,0.03044581770028691,128,919,191,75,206.4,344,116,NA,NA,NA,NA,NA,NA,5745.999999999998,2760,4508,NA,NA,NA,11376550
1992,140,289,161,207,2,355.98973593517206,25,0.03067340463039135,143,706,146,62,229.1,245,84,NA,NA,NA,NA,NA,NA,5745.999999999998,2760,4508,NA,NA,NA,11376550
1993,74,347,254,278.4,3,266.99711796529425,29,0.01732673267326732,100,1370,247,184,305.2,729.5,63,NA,123,NA,NA,2,NA,5745.999999999998,2760,4508,NA,2,NA,11376550
1994,124,301,190,247.1,3,563.9866238781622,15,0.02281500759054434,74,432,227,172,281,346.5,55,NA,NA,NA,NA,NA,NA,5745.999999999998,2760,4508,NA,NA,NA,11376550
1995,125,300,328,439.2000000000001,2,436.992878229712,40,0.02853602407505753,83,2860,217,158,300.1,875.5,59,155,159,159,2,13,5,5745.999999999998,2760,4508,2,7,3,11376550
1996,NA,313,NA,NA,NA,NA,NA,0.01916313973250225,75,2120,238,179,393.4,747,59,NA,126,NA,NA,1,NA,5745.999999999998,2760,4508,NA,1,NA,11376550
1997,NA,NA,NA,NA,NA,NA,NA,NA,NA,NA,NA,NA,NA,NA,NA,NA,NA,NA,NA,NA,NA,NA,NA,NA,NA,NA,NA,11376550
1998,72,338,438,468.9,2,572.9806868038578,60,0.01605699154031823,81,3140,257,171,756,1150,86,125,128,125,1,11,1,5745.999999999998,2760,4508,1,9,1,11376550
1999,160,305,335.5,397.7999999999999,NA,NA,NA,0.01902033764269014,150,1890,155,111,445,603,44,NA,131,NA,NA,1,NA,5745.999999999998,2760,4508,NA,1,NA,11376550
2000,155,307,298,330.6,2,521.972312188302,27,0.01808785529715762,154,2020,153,54,461.8,711,99,NA,NA,NA,NA,NA,NA,5745.999999999998,2760,4508,NA,NA,NA,11376550
2001,98,315,223,259.3,2,449.9791181991711,28,0.02222222222222222,157,1130,158,62,294,345.5,96,NA,NA,NA,NA,NA,NA,5745.999999999998,2760,4508,NA,NA,NA,11376550
2002,134,299,214,235.7,5,368.99293081526497,43,0.02102803738317757,149,572,150,103,357,437,47,NA,NA,NA,NA,NA,NA,5745.999999999998,2760,4508,NA,NA,NA,11376550
2003,105,318,263,290.20000000000005,3,440.9983875636488,39,0.02088466822215922,99,1790,219,152,393.5,645.5,67,NA,96,NA,NA,3,NA,5745.999999999998,2760,4508,NA,2,NA,11376550
2004,121,309,236,297,NA,NA,NA,0.02102102102102102,158,2810,151,94,374,471,57,NA,143,NA,NA,3,NA,5745.999999999998,2760,4508,NA,2,NA,11376550
2005,119,314,252,306.20000000000005,2,360.9801933004909,23,0.02088419951168468,80,2050,234,170,307,439.5,64,NA,NA,NA,NA,NA,NA,5745.999999999998,2760,4508,NA,NA,NA,11376550
2006,83,320,329,346,2,950.9704286228568,38,0.01667961007499449,119,3780,201,134,592.4,1055,67,NA,167,91,NA,7,3,5745.999999999998,2760,4508,NA,6,3,11376550
2007,158,283,243,269.3,NA,NA,NA,0.01764705882352941,135,926,148,111,353,397,37,NA,NA,NA,NA,NA,NA,5745.999999999998,2760,4508,NA,NA,NA,11376550
2008,166,310,221,259.5,2,373.99174232374327,19,0.01846153846153846,77,597,233,158,288.4,393,75,NA,NA,NA,NA,NA,NA,5745.999999999998,2760,4508,NA,NA,NA,11376550
2009,162,292,218,250.50000000000003,6,406.9991875373645,32,0.02849788733693747,136,2630,156,46,272.5,394,110,NA,NA,NA,NA,NA,NA,5745.999999999998,2760,4508,NA,NA,NA,11376550
2010,98,328,225.5,299.3,4,329.9967856855037,13,0.02516054876569898,54,553,274,186,405,526,88,NA,NA,NA,NA,NA,NA,5745.999999999998,2760,4508,NA,NA,NA,11376550
2011,118,353,269.5,301.2,4,645.9805152788451,24,0.01821239105721864,91,1020,262,202,383.5,754.5,60,NA,NA,NA,NA,NA,NA,5745.999999999998,2760,4508,NA,NA,NA,11376550
2012,102,308,213,277.9,NA,NA,NA,0.02066115702479339,96,1200,212,107,291.6,456,105,NA,NA,NA,NA,NA,NA,5745.999999999998,2760,4508,NA,NA,NA,11376550
2013,204,279,208,224,5,337.99722754119966,31,0.01890192198982476,194,3770,85,41,274,499,44,NA,71.5,62,NA,2,1,5745.999999999998,2760,4508,NA,2,1,11376550
2014,137,276,197,215,NA,NA,NA,0.02049180327868852,112,2940,164,47,209.8,310,117,NA,160,NA,NA,1,NA,5745.999999999998,2760,4508,NA,1,NA,11376550
2015,177,250,177,205,4,521.9856687476539,25,0.0233728734196972,174,2700,76,29,219,448,47,71,67,71,1,2,1,5745.999999999998,2760,4508,1,2,1,11376550
2016,109,303,213,291.40000000000003,NA,NA,NA,0.02318814629123953,135,1920,168,107,266.6,529,61,NA,138.5,NA,NA,2,NA,5745.999999999998,2760,4508,NA,2,NA,11376550
2017,91,306,299,321,2,539.9749758223691,24,0.02228826151560178,86,1140,220,174,389.3,950.5,46,NA,129,99,NA,11,4,5745.999999999998,2760,4508,NA,7,3,11376550
2018,145,293,235,273,NA,NA,NA,0.0186335403726708,101,3860,192,161,313,393,31,NA,180,NA,NA,2,NA,5745.999999999998,2760,4508,NA,2,NA,11376550
2019,98,322,307.5,322.3,3,629.987222273498,59,0.02374447638995494,169,2530,153,81,327,646,72,136,135,136,1,4,1,5745.999999999998,2760,4508,1,3,1,11376550
2020,140,294,221,229,NA,NA,NA,0.0134228187919463,60,636,234,180,297.9,365,54,NA,NA,NA,NA,NA,NA,5745.999999999998,2760,4508,NA,NA,NA,11376550
2021,93,287,201,205,NA,NA,NA,0.01300549527969564,118,624,169,101,230,254,68,NA,NA,NA,NA,NA,NA,5745.999999999998,2760,4508,NA,NA,NA,11376550
2022,126,298,186,197,NA,NA,NA,0.01595482382883957,209,1190,89,75,235.4,256,14,NA,NA,NA,NA,NA,NA,5745.999999999998,2760,4508,NA,NA,NA,11376550
2023,144,307,250,267.40000000000003,NA,NA,NA,0.02040816326530612,69,1130,238,180,260.20000000000005,677,58,NA,127,NA,NA,2,NA,5745.999999999998,2760,4508,NA,2,NA,11376550
2024,134,317,245,264.5,NA,NA,NA,0.0159599270887793,84,819,233,148,351.7,645.5,85,NA,141,NA,NA,1,NA,5745.999999999998,2760,4508,NA,1,NA,11376550
1987,140,277,87.5,101,7,208.98483263488168,29,0.02800615212527964,110,2550,167,55,148.6,224,112,NA,162,NA,NA,1,NA,5377.000000000002,2815,4132,NA,1,NA,11381500
1988,191,313,114,181,NA,NA,NA,0.02691936262675036,104,292,209,158,150.4,195,51,NA,NA,NA,NA,NA,NA,5377.000000000002,2815,4132,NA,NA,NA,11381500
1989,88,293,104,117.3,2,1249.9057181385083,53,0.03231560371164538,126,996,167,29,167.8,353,138,NA,160,161,NA,2,1,5377.000000000002,2815,4132,NA,2,1,11381500
1990,198,310,94,110,NA,NA,NA,0.02063049437564987,64,623,246,231,112,169,15,NA,NA,NA,NA,NA,NA,5377.000000000002,2815,4132,NA,NA,NA,11381500
1991,165,321,97,125.6,NA,NA,NA,0.03336336654653381,154,1100,167,25,105.4,217,142,NA,NA,NA,NA,NA,NA,5377.000000000002,2815,4132,NA,NA,NA,11381500
1992,147,302,69,128.60000000000002,4,171.99281977358405,25,0.03306688529070165,156,1230,146,26,112,394.5,120,NA,NA,NA,NA,NA,NA,5377.000000000002,2815,4132,NA,NA,NA,11381500
1993,79,342,111,126.2,7,103.99541509105336,20,0.02578268876611418,96,1240,246,163,219.2,501,83,NA,141,NA,NA,1,NA,5377.000000000002,2815,4132,NA,1,NA,11381500
1994,136,312,81,165,5,169.972508327165,13,0.01960972796308757,90,362,222,167,136,205,55,NA,NA,NA,NA,NA,NA,5377.000000000002,2815,4132,NA,NA,NA,11381500
1995,90,335,125,141.20000000000002,5,168.99746641467488,39,0.03189370178859031,117,1400,218,136,236.5,506,82,100,158,129.5,1,9,4,5377.000000000002,2815,4132,1,4,2,11381500
1996,112,316,113,171.70000000000002,NA,NA,NA,0.02142857142857143,78,1100,238,179,166,433,59,NA,143,NA,NA,1,NA,5377.000000000002,2815,4132,NA,1,NA,11381500
1997,172,284,127,225.9,7,425.99208863259827,50,0.0303030303030303,188,14400,96,34,225.4,598.5,62,91,90,91,3,7,3,5377.000000000002,2815,4132,1,3,1,11381500
1998,73,337,159,170.6,4,239.9818568972143,8,0.02262443438914027,80,1160,257,167,355.6,663,90,NA,125,NA,NA,1,NA,5377.000000000002,2815,4132,NA,1,NA,11381500
1999,156,309,139,181,NA,NA,NA,0.02409769139058492,68,648,241,197,175.6,408,44,NA,NA,NA,NA,NA,NA,5377.000000000002,2815,4132,NA,NA,NA,11381500
2000,155,307,124,139,3,381.9599399785132,27,0.02826855123674911,154,2480,153,54,253,484,99,NA,NA,NA,NA,NA,NA,5377.000000000002,2815,4132,NA,NA,NA,11381500
2001,86,306,95,97,2,241.96112955484415,28,0.02089926879842846,81,339,225,129,147.8,269,96,NA,NA,NA,NA,NA,NA,5377.000000000002,2815,4132,NA,NA,NA,11381500
2002,137,295,92.9,114.4,NA,NA,NA,0.02887103971441321,95,569,200,174,116.5,274,26,NA,NA,NA,NA,NA,NA,5377.000000000002,2815,4132,NA,NA,NA,11381500
2003,102,321,119,140,8,320.00070926196724,39,0.02975588160890463,102,1190,219,153,237.4,452,66,NA,88,NA,NA,1,NA,5377.000000000002,2815,4132,NA,1,NA,11381500
2004,110,319,119.5,148,4,178.99821044243726,40,0.02335410985586287,168,2060,151,94,195,292,57,NA,139,NA,NA,2,NA,5377.000000000002,2815,4132,NA,1,NA,11381500
2005,101,322,114,155,6,180.99189234736195,19,0.02463054187192118,87,1100,235,172,173.2,297.5,63,NA,NA,NA,NA,NA,NA,5377.000000000002,2815,4132,NA,NA,NA,11381500
2006,102,321,143,177.8,3,193.99587648239964,34,0.02588996763754045,124,2380,197,140,188.5,598,57,91,123.5,89.5,1,6,2,5377.000000000002,2815,4132,1,6,2,11381500
2007,139,301,99.1,117,4,218.9882259136701,44,0.01953125,153,689,148,91,156,207,57,NA,NA,NA,NA,NA,NA,5377.000000000002,2815,4132,NA,NA,NA,11381500
2008,185,310,98,140.2,5,196.98285535428963,19,0.01797438381229146,76,541,234,160,153.6,258.5,74,NA,NA,NA,NA,NA,NA,5377.000000000002,2815,4132,NA,NA,NA,11381500
2009,159,295,100,131.80000000000007,6,179.9666187167045,3,0.02991452991452991,139,3350,156,27,145.6,510,129,NA,152,NA,NA,1,NA,5377.000000000002,2815,4132,NA,1,NA,11381500
2010,83,326,109,154.2,3,227.981454760152,13,0.02418647463316909,53,479,273,185,265.8,391,88,NA,NA,NA,NA,NA,NA,5377.000000000002,2815,4132,NA,NA,NA,11381500
2011,132,341,136.5,150,4,699.9830464019216,23,0.02247474747474747,108,1300,233,190,195.7,443.5,43,NA,NA,NA,NA,NA,NA,5377.000000000002,2815,4132,NA,NA,NA,11381500
2012,106,302,94.25,113,4,235.97469878050495,4,0.02453987730061349,90,1190,212,105,138,247,107,NA,NA,NA,NA,NA,NA,5377.000000000002,2815,4132,NA,NA,NA,11381500
2013,196,288,91.8,94,NA,NA,NA,0.03464274998928464,219,2310,69,27,115.2,251,42,NA,62,62,NA,1,1,5377.000000000002,2815,4132,NA,1,1,11381500
2014,133,280,75.6,95.24,8,148.99768837172746,51,0.02003091664306609,97,1020,183,65,94,199,118,NA,NA,NA,NA,NA,NA,5377.000000000002,2815,4132,NA,NA,NA,11381500
2015,171,268,71.4,89.9,4,134.99742363929622,25,0.02222222222222222,185,828,83,36,102.5,310,47,NA,71,71,NA,1,1,5377.000000000002,2815,4132,NA,1,1,11381500
2016,121,298,101,288,2,106.98548801150592,39,0.03012048192771084,130,2170,168,95,152.8,338,73,NA,157,NA,NA,1,NA,5377.000000000002,2815,4132,NA,1,NA,11381500
2017,91,305,135,173,3,192.99428610321843,13,0.03991130820399113,161,2630,144,91,243,610,53,103,102,99,2,11,5,5377.000000000002,2815,4132,2,4,3,11381500
2018,161,286,104,122,NA,NA,NA,0.02285788923719958,94,3130,192,162,151,220.5,30,NA,188,NA,NA,1,NA,5377.000000000002,2815,4132,NA,1,NA,11381500
2019,100,324,128,140.10000000000002,5,195.9942194510426,54,0.02222222222222222,83,1780,241,160,237,605.5,81,NA,136,136,NA,3,1,5377.000000000002,2815,4132,NA,3,1,11381500
2020,141,299,93.2,104,NA,NA,NA,0.01492537313432835,65,545,234,176,138,176.5,58,NA,NA,NA,NA,NA,NA,5377.000000000002,2815,4132,NA,NA,NA,11381500
2021,102,278,77.1,81.6,2,172.99419034967815,48,0.01859504132231402,101,193,177,103,106.2,147,74,NA,NA,NA,NA,NA,NA,5377.000000000002,2815,4132,NA,NA,NA,11381500
2022,115,309,84,102.20000000000002,NA,NA,NA,0.01678416462035403,97,344,212,198,120.7,192.5,14,NA,NA,NA,NA,NA,NA,5377.000000000002,2815,4132,NA,NA,NA,11381500
2023,162,294,113.5,185,5,201.00828146225567,39,0.03271028037383177,60,1100,234,176,151.5,467.5,58,NA,105,NA,NA,1,NA,5377.000000000002,2815,4132,NA,1,NA,11381500
2024,156,300,118.5,143,5,216.99338288695984,49,0.02312138728323699,67,705,233,143,281.6,482,90,NA,141,NA,NA,1,NA,5377.000000000002,2815,4132,NA,1,NA,11381500
1987,166,248,80,93.5,NA,NA,NA,0.02604166666666666,81,3190,167,55,150.2,233,112,NA,NA,NA,NA,NA,NA,7319.000000000005,3610,5244.000000000001,NA,NA,NA,11383500
1988,221,283,77,150,NA,NA,NA,0.03240708336249737,172,663,111,63,89.2,198,48,NA,NA,NA,NA,NA,NA,7319.000000000005,3610,5244.000000000001,NA,NA,NA,11383500
1989,142,240,90.5,131,3,1669.8976413920934,53,0.04534606205250596,73,1410,167,29,142.20000000000002,337,138,NA,159,161,NA,3,1,7319.000000000005,3610,5244.000000000001,NA,1,1,11383500
1990,212,297,80,94,NA,NA,NA,0.02608695652173913,119,278,178,162,102.1,166,16,NA,NA,NA,NA,NA,NA,7319.000000000005,3610,5244.000000000001,NA,NA,NA,11383500
1991,222,265,70,112.9,NA,NA,NA,0.03660543436662839,98,1080,167,24,85.6,260,143,NA,NA,NA,NA,NA,NA,7319.000000000005,3610,5244.000000000001,NA,NA,NA,11383500
1992,208,243,76.5,101.90000000000003,2,119.99881092649248,26,0.04075235109717868,97,1310,146,25,111,526,121,NA,NA,NA,NA,NA,NA,7319.000000000005,3610,5244.000000000001,NA,NA,NA,11383500
1993,129,293,98,111.4,5,177.99644840422167,29,0.03184713375796178,114,1730,179,94,224.6,462.5,85,NA,141,NA,NA,1,NA,7319.000000000005,3610,5244.000000000001,NA,1,NA,11383500
1994,165,286,67,131,4,151.9973101323386,16,0.02631578947368421,127,384,159,103,107.2,142,56,NA,NA,NA,NA,NA,NA,7319.000000000005,3610,5244.000000000001,NA,NA,NA,11383500
1995,137,294,119,170,2,146.99979204006584,40,0.02602142383164281,77,3620,217,132,345.2,843.5,85,129.5,159,105,4,11,7,7319.000000000005,3610,5244.000000000001,2,5,3,11383500
1996,138,287,118,149.6,NA,NA,NA,0.02811244979919678,52,1410,235,170,204.4,583.5,65,NA,143,NA,NA,1,NA,7319.000000000005,3610,5244.000000000001,NA,1,NA,11383500
1997,232,224,118,219,3,362.9811026253599,50,0.04311483429130488,128,20100,96,37,166.4,525,59,91,103.5,90,3,6,4,7319.000000000005,3610,5244.000000000001,1,2,1,11383500
1998,107,303,148,183.4,4,199.9921133410568,8,0.04032258064516129,122,1410,181,91,390,982,90,NA,126.5,125,NA,3,1,7319.000000000005,3610,5244.000000000001,NA,2,1,11383500
1999,188,276,125,144.60000000000002,NA,NA,NA,0.02955665024630541,121,2000,155,111,162,375,44,NA,131,NA,NA,1,NA,7319.000000000005,3610,5244.000000000001,NA,1,NA,11383500
2000,197,265,112,137,4,289.99119529860343,27,0.02845002023472278,112,3560,153,55,229,573,98,NA,136,NA,NA,1,NA,7319.000000000005,3610,5244.000000000001,NA,1,NA,11383500
2001,152,252,81,98,2,225.98433908748575,28,0.03144654088050314,93,1620,159,63,125,204,96,NA,NA,NA,NA,NA,NA,7319.000000000005,3610,5244.000000000001,NA,NA,NA,11383500
2002,149,283,79,94.34,5,132.9988336079054,30,0.02083333333333333,93,508,190,152,158.4,309.5,38,NA,NA,NA,NA,NA,NA,7319.000000000005,3610,5244.000000000001,NA,NA,NA,11383500
2003,147,276,109,151,8,333.99335315051144,39,0.03168639560816606,57,1760,219,153,242.2,530,66,NA,88,NA,NA,3,NA,7319.000000000005,3610,5244.000000000001,NA,3,NA,11383500
2004,161,258,98,126,4,166.9993766733152,39,0.0284090909090909,107,3430,151,94,194.9,300,57,NA,139,NA,NA,2,NA,7319.000000000005,3610,5244.000000000001,NA,1,NA,11383500
2005,137,302,97.4,154.20000000000002,5,218.98707484988228,19,0.02670825906120023,68,2240,234,181,128,328,53,NA,NA,NA,NA,NA,NA,7319.000000000005,3610,5244.000000000001,NA,NA,NA,11383500
2006,144,274,151,185.40000000000003,3,182.99210302985637,34,0.0302027027027027,77,3540,197,124,359.1,935,73,91,150,91,1,6,1,7319.000000000005,3610,5244.000000000001,1,5,1,11383500
2007,179,261,84.9,98.06,4,239.9818941729828,44,0.02582644628099173,113,654,148,96,137.5,172.5,52,NA,NA,NA,NA,NA,NA,7319.000000000005,3610,5244.000000000001,NA,NA,NA,11383500
2008,198,297,84.6,141,3,160.006548955604,65,0.02471127041019512,146,1110,151,77,109.6,222,74,NA,NA,NA,NA,NA,NA,7319.000000000005,3610,5244.000000000001,NA,NA,NA,11383500
2009,186,269,86.75,115,6,127.98659248264156,3,0.03883495145631067,113,4540,156,27,154,723,129,NA,152,NA,NA,1,NA,7319.000000000005,3610,5244.000000000001,NA,1,NA,11383500
2010,144,282,101,143.10000000000005,3,189.9942516223676,13,0.0336464949423665,69,1500,213,124,145,392,89,NA,NA,NA,NA,NA,NA,7319.000000000005,3610,5244.000000000001,NA,NA,NA,11383500
2011,213,299,134,174,5,485.99290306370017,24,0.03188516260162602,96,1720,203,143,216.4,570,60,NA,NA,NA,NA,NA,NA,7319.000000000005,3610,5244.000000000001,NA,NA,NA,11383500
2012,142,267,88.9,115.9,NA,NA,NA,0.04032258064516129,84,2190,183,37,140,344,146,NA,NA,NA,NA,NA,NA,7319.000000000005,3610,5244.000000000001,NA,NA,NA,11383500
2013,230,253,87.5,99.31,NA,NA,NA,0.03311258278145695,183,1300,70,27,106.8,257,43,NA,62,62,NA,1,1,7319.000000000005,3610,5244.000000000001,NA,1,1,11383500
2014,154,259,66.8,76.3,3,151.99448632715362,51,0.02857142857142857,75,971,184,67,91.06,180,117,NA,NA,NA,NA,NA,NA,7319.000000000005,3610,5244.000000000001,NA,NA,NA,11383500
2015,277,182,70,103.4,NA,NA,NA,0.03679883945841392,102,766,80,33,78.46000000000001,186,47,NA,71,NA,NA,1,NA,7319.000000000005,3610,5244.000000000001,NA,1,NA,11383500
2016,198,223,91.8,206.80000000000007,2,264.9878260855811,71,0.04347826086956521,55,3240,168,75,273,511,93,NA,157,NA,NA,1,NA,7319.000000000005,3610,5244.000000000001,NA,1,NA,11383500
2017,187,272,141,222.8,5,148.99929120455806,15,0.03594771241830065,125,3910,147,92,233.2,937,55,131,121,115,1,11,6,7319.000000000005,3610,5244.000000000001,1,4,4,11383500
2018,170,277,88.6,118.1,3,263.99356676949463,34,0.02873563218390804,85,2660,192,99,159.8,285,93,NA,172,NA,NA,1,NA,7319.000000000005,3610,5244.000000000001,NA,1,NA,11383500
2019,118,301,113,123.3,5,220.9930454681412,54,0.02760084925690021,107,1640,194,113,238.40000000000003,707,81,NA,142,142.5,NA,3,2,7319.000000000005,3610,5244.000000000001,NA,2,2,11383500
2020,159,276,76.4,89.6,NA,NA,NA,0.03662207357859531,42,381,234,181,122,163,53,NA,NA,NA,NA,NA,NA,7319.000000000005,3610,5244.000000000001,NA,NA,NA,11383500
2021,108,272,62.5,64.88,4,117.97951054388672,44,0.01851851851851851,88,199,184,115,100.4,142,69,NA,NA,NA,NA,NA,NA,7319.000000000005,3610,5244.000000000001,NA,NA,NA,11383500
2022,172,274,71.85,124,NA,NA,NA,0.03203661327231134,67,485,207,193,90.68,178,14,NA,NA,NA,NA,NA,NA,7319.000000000005,3610,5244.000000000001,NA,NA,NA,11383500
2023,168,284,111.5,149,4,164.00262013936725,38,0.0451257008500633,53,973,231,151,197,663,80,NA,164,NA,NA,1,NA,7319.000000000005,3610,5244.000000000001,NA,1,NA,11383500
2024,168,284,105.5,128.3,8,165.98998530164428,37,0.03399709398322435,138,3350,146,60,163.5,426,86,NA,NA,NA,NA,NA,NA,7319.000000000005,3610,5244.000000000001,NA,NA,NA,11383500
1987,68,346,71.5,110.6,2,246.00501878524227,29,0.0261437908496732,179,2690,167,58,165.20000000000002,270.5,109,NA,NA,NA,NA,NA,NA,7681,3270,5578,NA,NA,NA,11390000
1988,154,349,138,234.90000000000012,5,110.00094242925933,23,0.0225563909774436,116,341,233,185,235,300,48,NA,NA,NA,NA,NA,NA,7681,3270,5578,NA,NA,NA,11390000
1989,113,270,113,131,2,186.99651270732105,44,0.02909197766676462,90,1360,180,43,228.4,773,137,NA,159,NA,NA,3,NA,7681,3270,5578,NA,1,NA,11390000
1990,192,317,89,103,NA,NA,NA,0.0252133260711692,71,692,246,229,129,222,17,NA,NA,NA,NA,NA,NA,7681,3270,5578,NA,NA,NA,11390000
1991,165,322,80,128,3,137.99977780516366,30,0.03597122302158273,88,420,234,91,330,420,143,NA,NA,NA,NA,NA,NA,7681,3270,5578,NA,NA,NA,11390000
1992,122,329,96,179,2,239.98627050156605,25,0.02921108742004264,126,561,203,82,128,440,121,NA,NA,NA,NA,NA,NA,7681,3270,5578,NA,NA,NA,11390000
1993,112,309,122,165,2,176.9877817822303,20,0.02040816326530612,58,766,251,166,472,715.5,85,NA,126,NA,NA,2,NA,7681,3270,5578,NA,2,NA,11390000
1994,131,321,84,184,3,198.0055423261561,15,0.02830188679245283,98,382,223,168,152,296.5,55,NA,NA,NA,NA,NA,NA,7681,3270,5578,NA,NA,NA,11390000
1995,137,294,122,191,2,169.99714779507798,36,0.03238540520718738,78,4790,216,130,474.5,1385,86,NA,170,104,NA,17,7,7681,3270,5578,NA,7,3,11390000
1996,124,304,149.5,208.4,NA,NA,NA,0.02973052600566095,69,1470,235,170,230.6,661,65,NA,134.5,NA,NA,3,NA,7681,3270,5578,NA,2,NA,11390000
1997,305,151,183,331,2,200.99319518638677,29,0.04418201654456868,30,4950,121,59,428.6,1010,62,90,89,90,4,10,4,7681,3270,5578,1,3,1,11390000
1998,73,326,181,204.8,2,304.9945485851041,47,0.01923076923076923,81,1680,245,155,686.2,993,90,NA,125,125,NA,5,1,7681,3270,5578,NA,3,1,11390000
1999,118,346,157,230.29999999999995,NA,NA,NA,0.02728701406120761,106,507,240,207,238.8,551,33,NA,131,NA,NA,1,NA,7681,3270,5578,NA,1,NA,11390000
2000,186,292,137.5,178,10,365.98524002042126,27,0.01764705882352941,52,416,240,142,379.3,627.5,98,NA,142.5,NA,NA,2,NA,7681,3270,5578,NA,2,NA,11390000
2001,38,368,87,100.9,3,214.24393876312948,10,0.02197802197802198,122,236,246,134,176.6,380,112,NA,NA,NA,NA,NA,NA,7681,3270,5578,NA,NA,NA,11390000
2002,75,358,88.5,135.60000000000002,4,215.99865678196824,29,0.01492537313432835,122,349,236,198,222.4,413.5,38,NA,NA,NA,NA,NA,NA,7681,3270,5578,NA,NA,NA,11390000
2003,126,297,134,157.5,4,381.992607327552,38,0.02531645569620253,57,883,240,173,412.4,754,67,NA,88,NA,NA,2,NA,7681,3270,5578,NA,1,NA,11390000
2004,65,354,125,192,4,225.99376320723093,39,0.0260655459330956,202,2490,152,95,257.6,454,57,NA,139,140,NA,2,1,7681,3270,5578,NA,1,1,11390000
2005,135,288,155,218.2,6,277.9868492331009,19,0.03303303303303303,54,3020,234,181,168,443,53,NA,NA,NA,NA,NA,NA,7681,3270,5578,NA,NA,NA,11390000
2006,139,276,184,232.2,3,274.9962770305232,34,0.03896103896103896,75,3900,201,144,274.7,1200,57,91,156,91,1,14,3,7681,3270,5578,1,9,3,11390000
2007,135,303,105,120,NA,NA,NA,0.0196078431372549,69,240,234,185,163.4,262,49,NA,NA,NA,NA,NA,NA,7681,3270,5578,NA,NA,NA,11390000
2008,138,357,116,176.3,NA,NA,NA,0.01838987255273635,125,310,232,160,202.8,286,72,NA,NA,NA,NA,NA,NA,7681,3270,5578,NA,NA,NA,11390000
2009,175,279,107,149.2,4,309.98768698671466,32,0.02249747219413549,59,1350,220,91,260,411,129,NA,148.5,145,NA,4,1,7681,3270,5578,NA,2,1,11390000
2010,103,310,136,153,7,333.979592529105,13,0.02285714285714285,59,575,251,163,319.3999999999999,536,88,NA,NA,NA,NA,NA,NA,7681,3270,5578,NA,NA,NA,11390000
2011,174,344,135.5,186.2000000000001,3,666.9396525904573,23,0.01607717041800643,87,815,257,210,295.6,765.5,47,NA,NA,NA,NA,NA,NA,7681,3270,5578,NA,NA,NA,11390000
2012,125,284,111,132.60000000000002,2,281.0250205220585,4,0.02510460251046025,56,428,228,76,192,549.5,152,NA,NA,NA,NA,NA,NA,7681,3270,5578,NA,NA,NA,11390000
2013,229,254,105,128,NA,NA,NA,0.02765035677879714,64,514,190,147,292.2,369,43,62,61,62,1,2,1,7681,3270,5578,1,2,1,11390000
2014,80,333,75.4,93.28000000000004,8,188.98025827399547,50,0.03174603174603174,149,1210,184,67,102.6,268,117,NA,NA,NA,NA,NA,NA,7681,3270,5578,NA,NA,NA,11390000
2015,101,358,80.5,269,3,145.99578648556272,25,0.02517856388149275,223,1160,135,88,112.4,186,47,NA,NA,NA,NA,NA,NA,7681,3270,5578,NA,NA,NA,11390000
2016,173,239,130,218.8,2,138.98562541054218,39,0.04938271604938271,71,4640,168,75,342.4,508,93,NA,160.5,NA,NA,3,NA,7681,3270,5578,NA,2,NA,11390000
2017,247,265,182,291.4,4,215.997138004218,13,0.04247104247104247,63,1420,202,156,312.5,1060,46,131,120.5,115,1,13,7,7681,3270,5578,1,4,4,11390000
2018,203,257,121,197.6,3,283.9991323521663,34,0.03162055335968379,64,1680,193,47,241.8,647,146,NA,172,NA,NA,1,NA,7681,3270,5578,NA,1,NA,11390000
2019,118,301,141,204.3,9,416.99748170972873,53,0.02134146341463414,58,938,243,149,508,836,94,NA,148,NA,NA,4,NA,7681,3270,5578,NA,3,NA,11390000
2020,82,349,80.3,96.75,NA,NA,NA,0.01595092024539873,114,413,235,182,174.2,211.5,53,NA,NA,NA,NA,NA,NA,7681,3270,5578,NA,NA,NA,11390000
2021,35,344,69.2,74.7,5,131.9853643826613,44,0.01327433628318587,87,141,257,192,98.17,143.5,65,NA,NA,NA,NA,NA,NA,7681,3270,5578,NA,NA,NA,11390000
2022,104,343,82.65,180.3,NA,NA,NA,0.01731634182908546,92,252,251,238,132.7,259,13,NA,NA,NA,NA,NA,NA,7681,3270,5578,NA,NA,NA,11390000
2023,165,287,134,187.6,3,117.99715131279422,32,0.03735632183908046,55,1030,232,151,328,883,81,NA,164,NA,NA,2,NA,7681,3270,5578,NA,1,NA,11390000
2024,169,283,135,179.20000000000002,2,318.9927019858667,49,0.02166064981949458,61,724,222,136,240,720.5,86,NA,142,NA,NA,1,NA,7681,3270,5578,NA,1,NA,11390000
1987,45,362,4140,5196,NA,NA,NA,0.02228500597276188,194,25900,168,88,6395,7875,80,NA,NA,NA,NA,NA,NA,30360,27100,29200,NA,NA,NA,11390500
1988,55,339,5850,6756,NA,NA,NA,0.02293642307490052,112,11900,227,186,4630,7635,41,NA,NA,NA,NA,NA,NA,30360,27100,29200,NA,NA,NA,11390500
1989,33,336,5980,7806,NA,NA,NA,0.03552731601669511,155,24400,181,153,5456,7690,28,NA,162,NA,NA,1,NA,30360,27100,29200,NA,1,NA,11390500
1990,138,377,4760,5553,NA,NA,NA,0.01660539215686274,130,14500,247,244,4816,6200,3,NA,NA,NA,NA,NA,NA,30360,27100,29200,NA,NA,NA,11390500
1991,255,210,4430,5210,NA,NA,NA,0.06095791001451379,29,23800,181,43,4222,10000,138,NA,NA,NA,NA,NA,NA,30360,27100,29200,NA,NA,NA,11390500
1992,197,220,3700,5578,NA,NA,NA,0.05786704925872787,47,27400,173,74,4833,9835,99,NA,156,NA,NA,3,NA,30360,27100,29200,NA,2,NA,11390500
1993,NA,287,NA,NA,5,5958.894907755238,31,0.05397483290392442,34,23400,253,202,5193,12900,51,NA,143,114,NA,10,1,30360,27100,29200,NA,3,1,11390500
1994,241,199,5660,8770,6,12499.84890416547,73,NA,NA,10600,338,NA,NA,NA,NA,NA,NA,NA,NA,NA,NA,30360,27100,29200,NA,NA,NA,11390500
1995,122,298,8885,10500,3,15599.660224278792,65,0.02049180327868852,80,25800,218,144,8545,24650,74,NA,138.5,102,NA,32,3,30360,27100,29200,NA,4,1,11390500
1996,37,387,5390,7258,NA,NA,NA,0.02985074626865671,238,28200,149,95,5578,17200,54,NA,143,NA,NA,11,NA,30360,27100,29200,NA,3,NA,11390500
1997,33,390,4620,5760,NA,NA,NA,0.02168415993145496,282,26700,108,71,5420,20800,37,95,115,93,1,16,4,30360,27100,29200,1,3,1,11390500
1998,58,336,9120,10830,NA,NA,NA,0.01734104046242774,85,25100,251,218,7366,20000,33,127,174,118,6,51,10,30360,27100,29200,1,3,2,11390500
1999,197,263,7100,8446.000000000002,NA,NA,NA,0.03347280334728033,82,24800,181,153,8566,19100,28,NA,140,NA,NA,10,NA,30360,27100,29200,NA,3,NA,11390500
2000,203,252,6870,9738,4,11399.926350409776,62,0.03448275862068965,90,29200,162,68,6784,23300,94,NA,135,148,NA,30,2,30360,27100,29200,NA,1,2,11390500
2001,64,327,6985,7790,NA,NA,NA,0.02720890065274444,167,27400,160,71,6140,8840,89,NA,156,NA,NA,1,NA,30360,27100,29200,NA,1,NA,11390500
2002,89,335,5900,7164,NA,NA,NA,0.03188516260162602,236,29200,99,74,4584,12000,25,NA,96,95,NA,5,1,30360,27100,29200,NA,2,1,11390500
2003,142,276,6405,9106,NA,NA,NA,0.03635044201081937,56,28900,220,162,6854.000000000002,16400,58,93,102,92,1,25,5,30360,27100,29200,1,6,3,11390500
2004,96,324,6990,8715,NA,NA,NA,0.02323702840295514,168,29000,156,104,6588.000000000001,16500,52,NA,115.5,145,NA,20,7,30360,27100,29200,NA,2,2,11390500
2005,93,321,7100,8108,NA,NA,NA,0.02852757516650264,85,30200,236,182,5561,11600,54,NA,174,231,NA,9,2,30360,27100,29200,NA,3,1,11390500
2006,119,281,8980,10020,NA,NA,NA,0.02083433807571738,82,29800,199,151,6440,26900,48,90,127,157,8,78,24,30360,27100,29200,1,5,5,11390500
2007,92,330,6185,7610,NA,NA,NA,0.02375005318922599,8,8830,322,288,5571,7515,34,NA,NA,NA,NA,NA,NA,30360,27100,29200,NA,NA,NA,11390500
2008,107,382,5020,6290.000000000001,NA,NA,NA,0.02177293934681182,230,25200,152,96,5545,9325,56,NA,NA,NA,NA,NA,NA,30360,27100,29200,NA,NA,NA,11390500
2009,90,372,4550,5961,6,7830.002911476904,35,0.02390438247011952,214,25600,158,51,4500,6690,107,NA,NA,NA,NA,NA,NA,30360,27100,29200,NA,NA,NA,11390500
2010,85,327,6120,7140,NA,NA,NA,0.02762573707014283,75,14900,252,162,7087,12300,90,NA,115.5,NA,NA,2,NA,30360,27100,29200,NA,2,NA,11390500
2011,NA,299,NA,NA,5,10199.70099177989,25,0.03738317757009345,115,27300,184,138,6844,13900,46,NA,171,NA,NA,14,NA,30360,27100,29200,NA,1,NA,11390500
2012,38,384,5335,5913,NA,NA,NA,0.01893968632034727,183,16700,201,NA,NA,NA,NA,NA,NA,NA,NA,NA,NA,30360,27100,29200,NA,NA,NA,11390500
2013,142,338,4625,6488,NA,NA,NA,0.02592087312414734,249,26900,89,51,4290,10600,38,NA,NA,NA,NA,NA,NA,30360,27100,29200,NA,NA,NA,11390500
2014,19,380,3840,4460,NA,NA,NA,0.02148428485715604,195,14200,185,71,3690,5590,114,NA,NA,NA,NA,NA,NA,30360,27100,29200,NA,NA,NA,11390500
2015,242,180,4115,5889,NA,NA,NA,0.02801120448179271,41,17300,139,120,4470,6115,19,NA,NA,NA,NA,NA,NA,30360,27100,29200,NA,NA,NA,11390500
2016,187,221,5080,7840,NA,NA,NA,0.0511303620958243,43,25900,178,122,4673,10030,56,NA,165,NA,NA,2,NA,30360,27100,29200,NA,1,NA,11390500
2017,171,279,6230,8070,6,11399.905147167072,33,0.02644454799627213,99,23400,180,138,7369,22450,42,NA,NA,NA,NA,NA,NA,30360,27100,29200,NA,NA,NA,11390500
2018,212,223,6355,7379,3,10199.892582397304,48,0.04864236274283347,29,24200,194,110,4860,7165,84,NA,NA,NA,NA,NA,NA,30360,27100,29200,NA,NA,NA,11390500
2019,NA,274,NA,NA,3,10998.383631186834,61,0.03526093088857546,78,26700,196,127,5904,22600,69,NA,154,NA,NA,10,NA,30360,27100,29200,NA,4,NA,11390500
2020,82,391,4200,5148,2,13899.391696852288,69,0.01708536045997346,152,8090,239,NA,NA,NA,NA,NA,NA,NA,NA,NA,NA,30360,27100,29200,NA,NA,NA,11390500
2021,114,255,5260,5720,NA,NA,NA,0.02755009107468124,80,8720,175,93,4510,5110,82,NA,NA,NA,NA,NA,NA,30360,27100,29200,NA,NA,NA,11390500
2022,284,156,3355,4387,NA,NA,NA,0.02035168310866782,65,19100,91,88,4190,6070,3,NA,NA,NA,NA,NA,NA,30360,27100,29200,NA,NA,NA,11390500
2023,155,273,5230,6650,7,6519.975767313599,67,0.03592943201376936,97,25000,176,102,4150.000000000001,12050,74,NA,104,NA,NA,5,NA,30360,27100,29200,NA,1,NA,11390500
2024,194,234,6840,7780,NA,NA,NA,0.03494542603871434,85,26600,149,87,4672,15200,62,NA,NA,NA,NA,NA,NA,30360,27100,29200,NA,NA,NA,11390500
1987,99,325,453,483,NA,NA,NA,0.01094091903719912,18,764,307,62,433.2,537,245,NA,NA,NA,NA,NA,NA,43919.99999999995,2330,17780,NA,NA,NA,11407000
1988,282,324,640,651,NA,NA,NA,0.00470219435736677,145,697,179,121,460,576,58,NA,NA,NA,NA,NA,NA,43919.99999999995,2330,17780,NA,NA,NA,11407000
1989,97,289,618,627.4,NA,NA,NA,0.00632911392405063,19,2540,270,30,619,622,240,NA,262,NA,NA,5,NA,43919.99999999995,2330,17780,NA,1,NA,11407000
1990,56,333,614,620.5,NA,NA,NA,0.0086620627980922,125,681,208,188,627,639,20,NA,NA,NA,NA,NA,NA,43919.99999999995,2330,17780,NA,NA,NA,11407000
1991,296,326,622,631,NA,NA,NA,0.0062373903108972,146,658,180,157,614,624,23,NA,NA,NA,NA,NA,NA,43919.99999999995,2330,17780,NA,NA,NA,11407000
1992,209,308,616,631,NA,NA,NA,0.00638977635782747,21,1020,287,31,615,632,256,NA,NA,NA,NA,NA,NA,43919.99999999995,2330,17780,NA,NA,NA,11407000
1993,196,201,614,624,NA,NA,NA,0.00630914826498422,21,23200,180,29,613,619,151,NA,173,174,NA,7,5,43919.99999999995,2330,17780,NA,1,1,11407000
1994,237,267,619,643,NA,NA,NA,0.00703767492983179,34,667,233,202,617,624,31,NA,NA,NA,NA,NA,NA,43919.99999999995,2330,17780,NA,NA,NA,11407000
1995,240,238,666,1590,NA,NA,NA,0.02917526338346839,69,52800,169,31,625,630,138,187.5,189,186,6,33,16,43919.99999999995,2330,17780,2,3,2,11407000
1996,168,255,630.5,1620,5,1599.997468191443,3,0.0032626427406199,107,30200,148,36,611.5,640,112,NA,187,143,NA,21,4,43919.99999999995,2330,17780,NA,4,1,11407000
1997,320,149,636,933,3,1640.0017567939583,16,0.17563739376770535,51,94800,98,41,1610,1680,57,91,102.5,88,8,46,14,43919.99999999995,2330,17780,1,4,1,11407000
1998,281,202,627,640,2,966.9951455182468,37,0.01259359011559417,18,10200,184,81,632,944,103,NA,150,NA,NA,19,NA,43919.99999999995,2330,17780,NA,2,NA,11407000
1999,NA,178,NA,NA,NA,NA,NA,0.01255888134713104,31,8040,147,30,622.9,628.5,117,NA,147.5,NA,NA,8,NA,43919.99999999995,2330,17780,NA,2,NA,11407000
2000,442,185,628,638,NA,NA,NA,0.00628930817610062,25,659,160,NA,NA,NA,NA,NA,NA,NA,NA,NA,NA,43919.99999999995,2330,17780,NA,NA,NA,11407000
2001,275,343,625,636,NA,NA,NA,0.00718390804597701,28,745,315,54,628,693,261,NA,NA,NA,NA,NA,NA,43919.99999999995,2330,17780,NA,NA,NA,11407000
2002,288,353,631,640,NA,NA,NA,0.00631911532385466,20,1750,333,81,621,708,252,NA,NA,NA,NA,NA,NA,43919.99999999995,2330,17780,NA,NA,NA,11407000
2003,126,340,628,638.5,NA,NA,NA,0.00314220126872855,22,767,318,43,623,747,275,NA,NA,NA,NA,NA,NA,43919.99999999995,2330,17780,NA,NA,NA,11407000
2004,438,177,635,674.9000000000001,NA,NA,NA,0.03757031658817373,21,2040,156,56,621.5,629,100,NA,149,NA,NA,2,NA,43919.99999999995,2330,17780,NA,1,NA,11407000
2005,102,328,637,688,NA,NA,NA,0.01121909026152437,26,843,302,53,628.2,671,249,NA,NA,NA,NA,NA,NA,43919.99999999995,2330,17780,NA,NA,NA,11407000
2006,NA,223,NA,NA,NA,NA,NA,0.00909090909090909,127,64500,96,32,659,681,64,91,150,120,4,50,10,43919.99999999995,2330,17780,1,3,2,11407000
2007,271,340,652,673,NA,NA,NA,0.02404246156204975,42,1020,298,NA,NA,NA,NA,NA,NA,NA,NA,NA,NA,43919.99999999995,2330,17780,NA,NA,NA,11407000
2008,NA,348,NA,NA,NA,NA,NA,NA,NA,1090,362,117,663,697,245,NA,NA,NA,NA,NA,NA,43919.99999999995,2330,17780,NA,NA,NA,11407000
2009,39,339,672,680,NA,NA,NA,0.0044709388971684,34,1220,305,NA,NA,NA,NA,NA,NA,NA,NA,NA,NA,43919.99999999995,2330,17780,NA,NA,NA,11407000
2010,456,55,689,738,NA,NA,NA,0.003047620373464,18,2140,37,25,672,677,12,NA,NA,NA,NA,NA,NA,43919.99999999995,2330,17780,NA,NA,NA,11407000
2011,321,282,706,749,NA,NA,NA,0.00630910165484633,105,16800,177,32,715.1,726,145,NA,214.5,169,NA,24,2,43919.99999999995,2330,17780,NA,2,1,11407000
2012,54,346,671,687.7,NA,NA,NA,0.02752293577981651,78,5170,268,31,683,689,237,NA,258,NA,NA,11,NA,43919.99999999995,2330,17780,NA,1,NA,11407000
2013,NA,346,NA,NA,NA,NA,NA,0.06700040453074434,20,2640,326,292,984.1,1830,34,NA,164.5,NA,NA,60,NA,43919.99999999995,2330,17780,NA,2,NA,11407000
2014,218,345,958,977,NA,NA,NA,0.06593406593406594,39,1820,306,NA,NA,NA,NA,NA,NA,NA,NA,NA,NA,43919.99999999995,2330,17780,NA,NA,NA,11407000
2015,224,346,829,844.7,NA,NA,NA,0.01162790697674418,49,2330,297,100,1290,1810,197,NA,293,NA,NA,1,NA,43919.99999999995,2330,17780,NA,1,NA,11407000
2016,105,350,850,865.6,NA,NA,NA,0.05846153846153846,42,4150,308,104,950.1000000000004,1910,204,NA,220,NA,NA,64,NA,43919.99999999995,2330,17780,NA,2,NA,11407000
2017,258,272,1060,1590,NA,NA,NA,0.0671724889055058,130,93500,142,53,859,7040,89,132,158,167,17,154,57,43919.99999999995,2330,17780,1,3,5,11407000
2018,165,346,910,992.6,NA,NA,NA,0.01036286259744392,153,4890,193,29,851.4,860,164,NA,185,NA,NA,10,NA,43919.99999999995,2330,17780,NA,1,NA,11407000
2019,178,355,767,795,NA,NA,NA,0.01653944020356234,36,4250,319,174,1003.9,2610,145,NA,234.5,NA,NA,120,NA,43919.99999999995,2330,17780,NA,2,NA,11407000
2020,240,352,827,849.1,NA,NA,NA,0.0120918984280532,40,1590,312,145,703.6,804,167,NA,NA,NA,NA,NA,NA,43919.99999999995,2330,17780,NA,NA,NA,11407000
2021,278,323,656,676,NA,NA,NA,0.04365079365079365,26,2850,297,71,698,1610,226,NA,272.5,NA,NA,20,NA,43919.99999999995,2330,17780,NA,2,NA,11407000
2022,145,363,681,689,NA,NA,NA,0.00899406921172338,66,1610,297,62,650,1090,235,NA,NA,NA,NA,NA,NA,43919.99999999995,2330,17780,NA,NA,NA,11407000
2023,169,339,680,689,NA,NA,NA,0.12898936170212766,86,8040,253,111,691,3020,142,NA,225,167,NA,75,4,43919.99999999995,2330,17780,NA,5,1,11407000
1987,76,359,471,606,5,1839.9927323017123,0,0.02350593517526741,28,1050,331,NA,NA,NA,NA,NA,NA,NA,NA,NA,NA,39060.00000000003,12400,29440.000000000004,NA,NA,NA,11421000
1988,313,192,474,1070,4,749.0296109144198,62,NA,NA,1130,NA,NA,NA,NA,69,NA,NA,NA,NA,NA,NA,39060.00000000003,12400,29440.000000000004,NA,NA,NA,11421000
1989,NA,225,NA,NA,2,6439.7066481048005,53,0.03007518796992481,46,22000,179,40,678.4,5005,139,NA,167.5,NA,NA,4,NA,39060.00000000003,12400,29440.000000000004,NA,2,NA,11421000
1990,NA,293,NA,NA,NA,NA,NA,0.02972972972972973,39,1280,254,NA,NA,NA,NA,NA,NA,NA,NA,NA,NA,39060.00000000003,12400,29440.000000000004,NA,NA,NA,11421000
1991,NA,216,NA,NA,5,1060.0001371302212,2,0.04086846983885535,36,4120,180,NA,NA,NA,NA,NA,NA,NA,NA,NA,NA,39060.00000000003,12400,29440.000000000004,NA,NA,NA,11421000
1992,156,289,414.5,469.5,3,2110.0001236422427,3,0.03234945774598825,143,4260,146,NA,NA,NA,NA,NA,NA,NA,NA,NA,NA,39060.00000000003,12400,29440.000000000004,NA,NA,NA,11421000
1993,NA,357,NA,NA,6,3159.879210322127,71,0.02307692307692307,105,6390,252,173,2214,4410,79,NA,113,NA,NA,1,NA,39060.00000000003,12400,29440.000000000004,NA,1,NA,11421000
1994,160,287,449,632.5,6,1369.9852824304962,8,0.03355704697986577,209,1800,78,NA,NA,NA,NA,NA,NA,NA,NA,NA,NA,39060.00000000003,12400,29440.000000000004,NA,NA,NA,11421000
1995,155,307,964,1656,7,672.9537960544426,36,0.06274509803921569,88,14300,219,138,1002.3000000000002,5805,81,NA,157.5,186.5,NA,27,3,39060.00000000003,12400,29440.000000000004,NA,4,2,11421000
1996,150,269,1180,1760,5,4349.963919542504,73,0.060180995475113117,34,27000,235,139,3376,4770,96,NA,187.5,230,NA,14,1,39060.00000000003,12400,29440.000000000004,NA,4,1,11421000
1997,102,347,877,1289,NA,NA,NA,0.03620967081101617,249,90200,98,45,1003.4,4080,53,91,100,90,6,23,8,39060.00000000003,12400,29440.000000000004,1,2,1,11421000
1998,102,296,1210,2679,2,1110.02337498643,13,0.04941176470588235,35,10700,261,178,2596.999999999999,5750,83,NA,134.5,NA,NA,7,NA,39060.00000000003,12400,29440.000000000004,NA,4,NA,11421000
1999,112,349,766,1119,NA,NA,NA,0.01716738197424892,192,12200,157,125,1564,2590,32,NA,126.5,NA,NA,5,NA,39060.00000000003,12400,29440.000000000004,NA,4,NA,11421000
2000,NA,266,NA,NA,NA,NA,NA,0.02739994712739739,106,11100,160,65,793.4,2570,95,NA,142.5,NA,NA,3,NA,39060.00000000003,12400,29440.000000000004,NA,2,NA,11421000
2001,63,348,441,525.8,NA,NA,NA,0.07207425496400326,23,1590,325,NA,NA,NA,NA,NA,NA,NA,NA,NA,NA,39060.00000000003,12400,29440.000000000004,NA,NA,NA,11421000
2002,77,346,459,517.2,NA,NA,NA,0.01469638242894056,168,4100,178,133,475.2,1630,45,NA,NA,NA,NA,NA,NA,39060.00000000003,12400,29440.000000000004,NA,NA,NA,11421000
2003,77,344,567,609.6,NA,NA,NA,0.03442171518489378,98,5660,246,189,1174,2190,57,NA,NA,NA,NA,NA,NA,39060.00000000003,12400,29440.000000000004,NA,NA,NA,11421000
2004,266,259,915,1560,NA,NA,NA,0.01986754966887417,106,7380,153,98,608.2,1945,55,NA,NA,NA,NA,NA,NA,39060.00000000003,12400,29440.000000000004,NA,NA,NA,11421000
2005,118,310,750,945.6,4,2220.007362509618,69,0.03161060142711519,73,18600,237,78,962.4,2610,159,231,230,230,1,5,3,39060.00000000003,12400,29440.000000000004,1,1,1,11421000
2006,145,279,539,1650,2,946.9991236031468,38,0.04504504504504504,64,21500,215,153,2228.000000000001,5970,62,91,175,138,3,37,5,39060.00000000003,12400,29440.000000000004,1,7,2,11421000
2007,234,198,717,1010,NA,NA,NA,0.01418439716312056,45,4470,153,95,574.4,1050,58,NA,NA,NA,NA,NA,NA,39060.00000000003,12400,29440.000000000004,NA,NA,NA,11421000
2008,122,352,552.5,635.8,NA,NA,NA,0.01349527665317139,201,4600,151,85,563.4,990,66,NA,NA,NA,NA,NA,NA,39060.00000000003,12400,29440.000000000004,NA,NA,NA,11421000
2009,107,351,568,758,NA,NA,NA,0.02688172043010752,123,3760,228,120,677.6,1165,108,NA,216,NA,NA,1,NA,39060.00000000003,12400,29440.000000000004,NA,1,NA,11421000
2010,67,346,749,819.8,NA,NA,NA,0.02616904715319898,88,5310,258,166,826.5,1495,92,NA,NA,NA,NA,NA,NA,39060.00000000003,12400,29440.000000000004,NA,NA,NA,11421000
2011,165,345,649,786,2,2709.956995004695,24,0.0293927545228237,73,9080,272,225,1384,4970,47,NA,166,NA,NA,13,NA,39060.00000000003,12400,29440.000000000004,NA,5,NA,11421000
2012,63,342,703,891,NA,NA,NA,0.0228370006408887,129,11600,213,69,697.6,3240,144,NA,167,NA,NA,2,NA,39060.00000000003,12400,29440.000000000004,NA,1,NA,11421000
2013,132,342,543.5,604,NA,NA,NA,0.01523851195685174,272,6230,70,31,550,694,39,NA,61,NA,NA,3,NA,39060.00000000003,12400,29440.000000000004,NA,1,NA,11421000
2014,36,351,428,446,5,856.9992531543442,30,0.03619909502262444,24,864,327,219,538.8,657,108,NA,NA,NA,NA,NA,NA,39060.00000000003,12400,29440.000000000004,NA,NA,NA,11421000
2015,209,250,393,526.4000000000001,NA,NA,NA,0.01584786053882726,111,919,139,118,508.1,587.5,21,NA,NA,NA,NA,NA,NA,39060.00000000003,12400,29440.000000000004,NA,NA,NA,11421000
2016,164,253,672.5,1547.0000000000002,NA,NA,NA,0.03567234814788457,82,13900,171,78,695.7,1155,93,NA,162,165,NA,9,1,39060.00000000003,12400,29440.000000000004,NA,3,1,11421000
2017,185,320,814,1633.9999999999995,NA,NA,NA,0.04620909186572661,182,37100,138,87,934.2,7160,51,114.5,141.5,129,9,54,12,39060.00000000003,12400,29440.000000000004,2,10,3,11421000
2018,198,253,770.5,1467.000000000001,5,4617.288814847304,47,0.0326797385620915,61,30300,192,53,993.2,5140,139,NA,178.5,180,NA,7,2,39060.00000000003,12400,29440.000000000004,NA,2,2,11421000
2019,115,295,815,1842,NA,NA,NA,0.04691307510456447,43,7830,252,167,1274.0000000000002,5880,85,NA,148,NA,NA,8,NA,39060.00000000003,12400,29440.000000000004,NA,3,NA,11421000
2020,114,355,560.5,617.8,NA,NA,NA,0.08397413724290237,26,2310,329,285,809,1050,44,NA,NA,NA,NA,NA,NA,39060.00000000003,12400,29440.000000000004,NA,NA,NA,11421000
2021,123,245,431,445.8,5,909.9983849734502,16,0.03416856492027335,25,967,220,117,538.2,747,103,NA,NA,NA,NA,NA,NA,39060.00000000003,12400,29440.000000000004,NA,NA,NA,11421000
2022,69,380,544,676.4,NA,NA,NA,0.01869158878504672,290,4990,90,88,420,481.5,2,NA,NA,NA,NA,NA,NA,39060.00000000003,12400,29440.000000000004,NA,NA,NA,11421000
2023,97,342,539,672.8,4,1289.9693464364168,64,0.04383857794859476,103,10700,239,170,1482.000000000001,5795,69,NA,137.5,NA,NA,13,NA,39060.00000000003,12400,29440.000000000004,NA,4,NA,11421000
2024,141,298,574,1350,NA,NA,NA,0.02162414891440928,61,6430,237,164,851,3165,73,NA,NA,NA,NA,NA,NA,39060.00000000003,12400,29440.000000000004,NA,NA,NA,11421000
